Reg,start,end,duration,distance,energy,epk,v ave
KF44LNGP,2022-07-01 10:19:45,2022-07-01 11:33:55,4450.0,78.60536136887785,17.150942951559152,0.2181904981146707,63.14906367041199
KF44LNGP,2022-07-01 13:10:35,2022-07-01 14:12:55,3740.0,32.4173307501432,8.330468984783447,0.2569757840024089,38.92139461845344
KF44LNGP,2022-07-01 16:35:45,2022-07-01 17:26:15,3030.0,17.556995767157883,5.548374894121748,0.31602074567338784,24.71083608360836
KF44LNGP,2022-07-01 18:07:55,2022-07-01 19:46:35,5920.0,107.93404824236276,23.28933497739003,0.21577375588743328,64.00310891248391
KF44LNGP,2022-07-01 20:49:55,2022-07-01 22:18:55,5340.0,99.08863806011068,20.198663638146144,0.20384439662893458,66.01755172106294
KF44LNGP,2022-07-02 00:00:15,2022-07-02 00:23:05,1370.0,30.64559643975177,7.655695341850852,0.24981387968420507,82.29014598540147
KF44LNGP,2022-07-02 09:53:35,2022-07-02 12:29:15,9340.0,117.83953046945561,30.319972922332017,0.2572988266462166,47.9202533904354
KF44LNGP,2022-07-02 13:32:05,2022-07-02 14:32:25,3620.0,53.48563169527668,11.68066985594453,0.21838892961931775,53.68184688239938
KF44LNGP,2022-07-02 16:02:25,2022-07-02 16:59:45,3440.0,59.62673702534327,13.767380661680873,0.23089273954114403,60.72468507751938
KF44LNGP,2022-07-02 19:38:35,2022-07-02 20:34:15,3340.0,53.028957588540784,11.022842631939024,0.2078645919738198,55.92428001140576
KF44LNGP,2022-07-03 10:18:55,2022-07-03 11:09:55,3060.0,40.99807592684046,9.161621869373489,0.22346467882351512,45.206481481481475
KF44LNGP,2022-07-03 11:27:25,2022-07-03 13:37:55,7830.0,125.44694304047762,25.931619104506083,0.20671383834470003,56.692073628088956
KF44LNGP,2022-07-03 13:59:25,2022-07-03 14:26:15,1610.0,36.988672797990766,7.073682074897076,0.19123914268373857,77.73623188405797
KF44LNGP,2022-07-03 14:56:55,2022-07-03 15:37:45,2450.0,35.97634383976055,8.567746398366463,0.2381494472180775,53.544496274700364
KF44LNGP,2022-07-03 16:19:05,2022-07-03 18:27:05,7680.0,98.21605686208895,23.352651614462303,0.2377681650084279,44.10291521990741
KF44LNGP,2022-07-03 19:21:05,2022-07-03 20:29:35,4110.0,59.62808265760458,12.939180713541191,0.21699810117726487,51.32043988722821
KF44LNGP,2022-07-03 21:00:35,2022-07-03 22:02:35,3720.0,51.181061101962065,12.00530035268038,0.23456528829606751,50.83650793650793
KF44LNGP,2022-07-04 01:50:25,2022-07-04 02:44:05,3220.0,84.15843203063551,19.73406807458656,0.23448711672055544,90.60043256433006
KF44LNGP,2022-07-04 13:40:05,2022-07-04 16:31:55,10310.0,145.32234556023866,35.577844515474894,0.244820191817832,51.12468477206596
KF44LNGP,2022-07-04 17:19:05,2022-07-04 20:20:35,10890.0,103.21398943290892,24.042977996227194,0.23294301604198328,34.81520471671987
KF44LNGP,2022-07-04 20:43:25,2022-07-04 21:11:45,1700.0,22.12061368462141,4.172729664721173,0.18863534819660624,46.728431372549025
KF44LNGP,2022-07-05 00:35:05,2022-07-05 01:28:45,3220.0,49.09994941893896,11.224633704759844,0.22860784659851907,52.938043478260866
KF44LNGP,2022-07-05 13:25:35,2022-07-05 14:15:25,2990.0,33.96792802808808,8.279354820955787,0.2437403545517874,39.80741360089186
KF44LNGP,2022-07-05 14:40:05,2022-07-05 15:54:45,4480.0,61.08338793764406,15.338116117507218,0.25110126722448456,52.32149057539683
KF44LNGP,2022-07-05 16:21:35,2022-07-05 18:32:45,7870.0,77.39788227719049,19.456471435999898,0.2513824779639198,40.07241029829976
KF44LNGP,2022-07-05 19:50:55,2022-07-05 20:52:25,3690.0,36.79541703439667,9.504709891694453,0.25831232957108136,38.29354110207769
KF44LNGP,2022-07-05 22:09:15,2022-07-05 22:27:45,1110.0,16.885785115778067,5.452522135906033,0.32290604781007193,64.10698198198199
KF44LNGP,2022-07-06 00:00:05,2022-07-06 00:39:35,2370.0,45.23198932713548,12.274700704058922,0.27137211709357895,70.6477027660572
KF44LNGP,2022-07-06 11:25:05,2022-07-06 12:44:35,4770.0,76.13818531564549,16.85463346979544,0.22136899375682934,56.3805830088849
KF44LNGP,2022-07-06 15:43:05,2022-07-06 19:45:55,14570.0,160.9837767963793,34.8685313638742,0.21659655437192124,39.756099181837
KF44LNGP,2022-07-07 00:14:35,2022-07-07 01:15:55,3680.0,57.10127788168532,15.050194191617473,0.26357018178825514,65.08505434782609
KF44LNGP,2022-07-07 10:58:55,2022-07-07 11:31:15,1940.0,32.8990361548635,8.705552815279907,0.26461422074193364,63.758087874324985
KF44LNGP,2022-07-07 12:40:05,2022-07-07 14:01:35,4890.0,38.460936020833735,9.797531880698905,0.2547398190047097,30.029754601226994
KF44LNGP,2022-07-07 15:12:35,2022-07-07 15:52:25,2390.0,29.17233458756857,7.259006388667842,0.24883186386327744,47.05520688052069
KF44LNGP,2022-07-07 16:48:25,2022-07-07 17:46:55,3510.0,28.738713991811217,6.830104960746513,0.23766216410005947,32.700407000407004
KF44LNGP,2022-07-07 18:39:55,2022-07-07 20:38:05,7090.0,95.63340358214158,19.419319753559964,0.20306000859710377,46.86923903552959
KF44LNGP,2022-07-07 21:25:05,2022-07-07 22:33:15,4090.0,53.078403055211155,14.06858673062455,0.2650529390643247,48.23327511933869
KF44LNGP,2022-07-08 00:34:05,2022-07-08 01:28:15,3250.0,49.931920029945125,11.300697001645139,0.2263221000688116,53.541282051282046
KF44LNGP,2022-07-08 12:20:55,2022-07-08 12:54:05,1990.0,32.51704375224197,7.038294795318357,0.21644940570075913,59.56247906197655
KF44LNGP,2022-07-08 13:23:45,2022-07-08 15:24:55,7270.0,94.13913118076553,22.123894027924788,0.23501272797432757,51.81999082989454
KF44LNGP,2022-07-08 15:47:55,2022-07-08 16:42:25,3270.0,35.483425912200794,8.907898834853205,0.2510439340579645,43.352555701179554
KF44LNGP,2022-07-08 17:29:45,2022-07-08 18:59:15,5370.0,36.322031962306326,10.275963898876105,0.282912693583336,30.591433891992548
KF44LNGP,2022-07-09 00:38:05,2022-07-09 01:32:55,3290.0,51.47652484073933,11.157873195996803,0.2167565357319204,54.1515197568389
KF44LNGP,2022-07-09 10:27:45,2022-07-09 10:56:05,1700.0,32.62901525665662,8.769573123379743,0.26876609834526555,71.43285714285713
KF44LNGP,2022-07-09 12:02:55,2022-07-09 13:47:35,6280.0,90.59162956105442,19.320417071654308,0.21326934028306968,49.41768653321201
KF44LNGP,2022-07-09 15:21:05,2022-07-09 15:42:25,1280.0,1.2760002504701244,0.1521089505834515,0.11920761812343618,3.07421875
KF44LNGP,2022-07-09 16:08:15,2022-07-09 16:42:35,2060.0,3.800365335888542,0.5226262284775618,0.13751999670720327,5.342059639389737
KF44LNGP,2022-07-09 17:57:15,2022-07-09 18:20:25,1390.0,3.896860146254829,0.5996476660786393,0.1538796989301618,8.271223021582735
KF44LNGP,2022-07-09 19:16:05,2022-07-09 19:42:15,1570.0,6.463424891233708,1.0766301822463082,0.16657270725100143,13.175690021231421
KF44LNGP,2022-07-10 08:20:55,2022-07-10 11:23:55,10980.0,205.72725562977757,47.62782688571479,0.23150956221097327,70.20701600312256
KF44LNGP,2022-07-10 13:20:25,2022-07-10 13:47:15,1610.0,22.705900296668,5.511459054150331,0.24273246082028802,55.49921620822242
KF44LNGP,2022-07-10 14:46:05,2022-07-10 15:12:05,1560.0,20.830790208781078,4.936508005896894,0.23698131258678526,52.301602564102566
KF44LNGP,2022-07-10 16:09:55,2022-07-10 17:18:15,4100.0,81.1512905226879,17.989117654579236,0.22167383338839106,73.4009262485482
KF44LNGP,2022-07-10 18:04:35,2022-07-10 18:54:45,3010.0,53.66303753458681,10.698733406270742,0.19936876289150074,63.52233296419342
KF44LNGP,2022-07-10 20:46:15,2022-07-10 21:30:55,2680.0,48.73553392103413,11.392878411791166,0.23376943874773123,67.51340174129353
KF44LNGP,2022-07-11 09:14:35,2022-07-11 11:50:35,9360.0,90.56396498823344,20.858238517189655,0.23031498808493722,36.40851648351648
KF44LNGP,2022-07-11 12:25:25,2022-07-11 14:04:25,5940.0,94.69717898056933,22.461585644670762,0.23719382020112337,64.02821268237935
KF44LNGP,2022-07-11 15:22:35,2022-07-11 16:00:25,2270.0,24.481248878432396,6.7160609057461,0.2743348976637726,42.142206838682604
KF44LNGP,2022-07-11 16:23:45,2022-07-11 17:40:55,4630.0,69.08854249258577,16.594442982395424,0.24019095473285249,59.92165226781857
KF44LNGP,2022-07-11 18:37:55,2022-07-11 19:48:45,4250.0,34.7235396389191,8.740405862253704,0.2517141383955343,31.852549019607846
KF44LNGP,2022-07-11 20:34:25,2022-07-11 21:58:55,5070.0,45.21361215353056,9.90801611682707,0.21913790216943307,33.869438182899714
KF44LNGP,2022-07-12 00:03:05,2022-07-12 01:05:15,3730.0,51.59227244369298,12.086204612418454,0.23426385464236246,47.679758713136735
KF44LNGP,2022-07-12 10:27:05,2022-07-12 11:03:35,2190.0,14.93343404373411,2.0454275426439192,0.13696967065001076,21.67305936073059
KF44LNGP,2022-07-12 13:47:35,2022-07-12 14:13:05,1530.0,29.69658621893022,6.650402369240253,0.22394501240687809,66.84796140678493
KF44LNGP,2022-07-12 15:29:35,2022-07-12 16:42:15,4360.0,93.48911479499894,23.98574417177468,0.2565618919846459,91.34659785932722
KF44LNGP,2022-07-12 17:03:45,2022-07-12 18:06:05,3740.0,52.145863824387284,13.686091691355879,0.2624578573949185,66.46270053475935
KF44LNGP,2022-07-12 19:53:05,2022-07-12 21:14:45,4900.0,69.94770966056822,14.444049017708547,0.20649781226290992,52.30491253644315
KF44LNGP,2022-07-13 00:00:05,2022-07-13 01:08:15,4090.0,53.586565567052155,12.27996708078529,0.2291613009872695,44.01475142624287
KF44LNGP,2022-07-13 13:12:45,2022-07-13 13:48:35,2150.0,35.92421486201267,7.23125757740233,0.2012920144581608,57.98488372093021
KF44LNGP,2022-07-13 16:21:25,2022-07-13 18:31:15,7790.0,104.70651356330276,23.02226766193363,0.2198742645367041,49.56596980255516
KF44LNGP,2022-07-13 20:29:15,2022-07-13 21:57:25,5290.0,55.072104178042004,12.452087496566353,0.22610517034740737,37.8701413268521
KF44LNGP,2022-07-14 00:09:35,2022-07-14 01:03:45,3250.0,60.945338206201264,14.792048220658293,0.2427100850701848,65.53348717948717
KF44LNGP,2022-07-14 11:35:15,2022-07-14 12:38:55,3820.0,40.79068587314937,10.073420387587955,0.2469539349966857,38.62636084102053
KF44LNGP,2022-07-14 13:08:25,2022-07-14 13:53:45,2720.0,55.21199542593975,11.966190944538175,0.2167317238260186,71.08832282913166
KF44LNGP,2022-07-14 15:30:55,2022-07-14 16:04:25,2010.0,45.61552100078177,9.134141671768514,0.20024196745690948,82.26036484245441
KF44LNGP,2022-07-14 17:18:55,2022-07-14 17:46:15,1640.0,20.153555337974264,4.472517573600309,0.22192201319302626,49.76219512195122
KF44LNGP,2022-07-14 19:34:45,2022-07-14 20:02:35,1670.0,15.944374001919,4.576776042434715,0.2870464555010986,41.18173652694611
KF44LNGP,2022-07-14 20:28:15,2022-07-14 21:51:15,4980.0,77.51153424960998,18.66092119834762,0.24075024935326342,62.013195639701664
KF44LNGP,2022-07-15 00:43:45,2022-07-15 01:24:55,2470.0,45.16896929598096,10.698691062817934,0.23685931358566292,63.55708502024291
KF44LNGP,2022-07-15 11:27:35,2022-07-15 12:11:05,2610.0,29.363704275932307,6.311318175376121,0.21493603518371948,40.67130085750776
KF44LNGP,2022-07-15 12:29:55,2022-07-15 13:03:15,2000.0,13.45629748956085,3.0353297606845864,0.22556946017575338,29.399375
KF44LNGP,2022-07-15 13:20:35,2022-07-15 13:58:45,2290.0,37.2290676088503,7.940322959935229,0.21328288538839504,56.9204720316074
KF44LNGP,2022-07-15 15:24:35,2022-07-15 17:22:25,7070.0,79.86077116161431,17.235701119085444,0.21582187184500812,42.43503401360544
KF44LNGP,2022-07-15 18:16:15,2022-07-15 19:57:45,6090.0,69.38431531164643,15.901858201149848,0.22918520028229863,43.20201149425287
KF44LNGP,2022-07-15 20:37:55,2022-07-15 22:43:25,7530.0,106.73667837215558,23.454454185836234,0.2197412786639124,50.17172368726153
KF44LNGP,2022-07-16 00:00:05,2022-07-16 01:32:55,5570.0,89.69191598362971,21.429090463983595,0.23891886162733736,56.02757829642928
KF44LNGP,2022-07-16 10:03:45,2022-07-16 10:49:45,2760.0,42.79038715205382,9.12041988207557,0.21314179396569952,53.46529790660226
KF44LNGP,2022-07-16 11:17:55,2022-07-16 11:45:55,1680.0,38.834409365853915,8.408485426484445,0.2165215221189332,84.17606292517006
KF44LNGP,2022-07-16 12:13:55,2022-07-16 13:42:45,5330.0,64.48832943066645,15.289651841664314,0.23709176492318237,47.46469668542839
KF44LNGP,2022-07-16 15:10:15,2022-07-16 15:54:15,2640.0,26.552854784005213,6.613921834989772,0.24908515068495896,40.41603535353535
KF44LNGP,2022-07-16 16:25:05,2022-07-16 17:26:55,3710.0,41.34272677177068,11.121403168631666,0.26900507143678526,45.141586445899115
KF44LNGP,2022-07-16 18:29:15,2022-07-16 19:39:55,4240.0,54.30524535006056,10.789141075228809,0.19867585544785274,45.35868710691824
KF44LNGP,2022-07-17 08:02:15,2022-07-17 09:22:55,4840.0,45.6097638699447,11.976275689519849,0.26258140085245674,35.90303194280467
KF44LNGP,2022-07-17 10:44:15,2022-07-17 16:54:55,22240.0,369.5316940391579,82.46792142190357,0.22316873695051648,62.854988687621336
KF44LNGP,2022-07-17 17:20:25,2022-07-17 18:06:25,2760.0,34.16085199450583,7.272285762869235,0.21288361789216653,47.65402432712216
KF44LNGP,2022-07-18 07:31:45,2022-07-18 12:51:05,19160.0,255.06625505570756,56.5293633575051,0.22162619412418488,47.54978439705736
KF44LNGP,2022-07-18 13:10:45,2022-07-18 14:03:05,3140.0,35.66126645195153,8.329371685511369,0.23356914978703877,44.59005914467698
KF44LNGP,2022-07-18 15:30:25,2022-07-18 16:05:45,2120.0,27.0892841807522,6.571559114384882,0.24258888018363306,59.53072776280323
KF44LNGP,2022-07-18 18:01:15,2022-07-18 19:36:45,5730.0,108.51280292437437,21.243443022958715,0.19576900098842595,68.38232984293194
KF44LNGP,2022-07-19 09:11:05,2022-07-19 11:10:05,7140.0,45.86572049655562,10.84497264401351,0.23645050217466737,23.442803788181937
KF44LNGP,2022-07-19 13:09:55,2022-07-19 14:02:35,3160.0,53.684514374693585,10.6957592611199,0.1992336036881762,60.34732770745429
KF44LNGP,2022-07-19 15:06:05,2022-07-19 15:31:15,1510.0,33.1293459056443,7.573968137443907,0.22861810067169233,79.19790549773994
KF44LNGP,2022-07-19 15:56:15,2022-07-19 16:58:25,3730.0,66.2551444706093,13.30984004977477,0.2008876466291459,64.09492957147113
KF44LNGP,2022-07-19 19:34:15,2022-07-19 21:49:35,8120.0,101.74618336631667,25.266711177952086,0.24833080064521312,51.16826765188834
KF44LNGP,2022-07-20 08:34:15,2022-07-20 10:44:05,7790.0,72.52637197535478,17.20222125675667,0.23718574069308423,35.03446726572529
KF44LNGP,2022-07-20 11:19:25,2022-07-20 12:27:35,4090.0,41.539630765485164,9.148070311844446,0.22022512341263947,39.621314083905766
KF44LNGP,2022-07-20 14:40:45,2022-07-20 15:32:35,3110.0,65.31689756110855,14.426008179218798,0.22086180939200692,75.46647909967847
KF44LNGP,2022-07-20 15:57:15,2022-07-20 17:29:25,5530.0,60.987755308593734,12.6528725290782,0.20746578497692789,38.94469559975889
KF44LNGP,2022-07-20 19:30:25,2022-07-20 20:51:05,4840.0,68.80034394938002,16.862050132566775,0.2450867127201146,57.277641676505326
KF44LNGP,2022-07-21 09:03:25,2022-07-21 11:14:25,7860.0,64.36519804635769,15.559815016072347,0.24174267287837312,32.493905246577
KF44LNGP,2022-07-21 13:20:25,2022-07-21 13:58:45,2300.0,32.45372388002139,8.02278522319801,0.2472069230901684,62.31847826086957
KF44LNGP,2022-07-21 16:02:05,2022-07-21 16:35:25,2000.0,11.396590113123922,2.250041496427253,0.1974311152803664,18.548916666666663
KF44LNGP,2022-07-21 16:55:35,2022-07-21 17:57:55,3740.0,30.227823910319874,7.6008827123088265,0.25145318878590733,32.910472370766485
KF44LNGP,2022-07-21 18:28:55,2022-07-21 20:06:55,5880.0,112.86081034824085,26.383444177545407,0.23376975671304528,68.61213151927439
KF44LNGP,2022-07-22 10:06:45,2022-07-22 11:24:05,4640.0,37.41221788496798,9.965965582144504,0.266382645711811,30.14566399835796
KF44LNGP,2022-07-22 11:42:15,2022-07-22 13:11:45,5370.0,73.18558800366961,16.073836564812773,0.21963117333984955,47.86797463864503
KF44LNGP,2022-07-22 15:04:05,2022-07-22 15:35:35,1890.0,26.503024205574004,6.382471945691418,0.24082051528101023,56.72557319223987
KF44LNGP,2022-07-22 16:13:15,2022-07-22 16:54:05,2450.0,29.056675437348698,6.506529413952488,0.2239254600197366,47.15253644314869
KF44LNGP,2022-07-22 18:19:05,2022-07-22 19:54:25,5720.0,110.35134616176354,23.15666980291967,0.209844923585929,68.24738733488734
KF44LNGP,2022-07-23 10:54:55,2022-07-23 11:38:35,2620.0,35.24903761380888,8.46917237606925,0.24026676895006732,49.05806070519811
KF44LNGP,2022-07-23 13:14:15,2022-07-23 14:17:15,3780.0,88.77890855912831,18.52628291943119,0.20867887677502095,87.64249181153943
KF44LNGP,2022-07-23 14:47:35,2022-07-23 15:11:15,1420.0,14.912863096451016,3.4864322773152803,0.23378691635310367,38.8774647887324
KF44LNGP,2022-07-23 15:33:15,2022-07-23 16:49:25,4570.0,66.93153511991301,16.445040755226845,0.24569944086541995,53.76466083150985
KF44LNGP,2022-07-23 19:17:45,2022-07-23 21:41:15,8610.0,132.95287966467558,28.074097491355477,0.21115825066867297,52.81965737514518
KF44LNGP,2022-07-24 10:31:35,2022-07-24 12:11:55,6020.0,58.87876155101439,14.32982951140748,0.24337858225825063,35.29830920740389
KF44LNGP,2022-07-24 12:31:05,2022-07-24 13:48:35,4650.0,39.84437242727297,10.81265418918081,0.2713721795698226,33.335954941116235
KF44LNGP,2022-07-24 15:17:25,2022-07-24 15:57:45,2420.0,21.704858516489455,5.564633971784651,0.25637734369736287,36.703719008264464
KF44LNGP,2022-07-24 18:20:35,2022-07-24 19:48:25,5270.0,119.23878542801013,27.84452688598885,0.23351904152696903,84.1283523086654
KF44LNGP,2022-07-24 20:47:45,2022-07-24 22:09:05,4880.0,98.3262035451612,20.504741022624838,0.2085379103771358,70.59451844262296
KF44LNGP,2022-07-25 09:15:05,2022-07-25 09:57:25,2540.0,14.277514638253928,3.0032881967568006,0.2103509100043261,20.25269028871391
KF44LNGP,2022-07-25 10:28:55,2022-07-25 11:14:35,2740.0,40.16564846450727,8.408635206218804,0.20934892196871085,55.434489051094886
KF44LNGP,2022-07-25 13:41:15,2022-07-25 14:30:15,2940.0,36.42246035675748,8.625503189823414,0.23681824636053503,46.310430839002265
KF44LNGP,2022-07-25 14:50:25,2022-07-25 16:29:15,5930.0,72.93778291759179,17.551625681933615,0.240638321866243,52.085769158703386
KF44LNGP,2022-07-25 17:01:25,2022-07-25 18:12:35,4270.0,91.80182606448292,20.125520195591854,0.21922788530868,82.74410616705698
KF44LNGP,2022-07-25 18:37:35,2022-07-25 21:23:45,9970.0,108.81373697338155,24.155655737069416,0.2219908663092645,43.49074962984191
KF44LNGP,2022-07-26 09:15:15,2022-07-26 10:30:25,4510.0,37.53938616158308,8.165140903418052,0.21750864194401942,31.154138950480412
KF44LNGP,2022-07-26 12:10:25,2022-07-26 12:59:05,2920.0,52.60544765070501,10.835884252477003,0.20598407078343306,62.56803652968036
KF44LNGP,2022-07-26 13:17:25,2022-07-26 14:02:35,2710.0,52.84568602266487,11.599121727802615,0.2194904182496163,69.03895624670533
KF44LNGP,2022-07-26 14:21:15,2022-07-26 14:42:35,1280.0,14.163930724713385,3.7562386748642047,0.26519747574804764,42.38072916666667
KF44LNGP,2022-07-26 15:12:25,2022-07-26 16:21:55,4170.0,46.095944915372705,12.624370553496925,0.27387160794021986,49.1832134292566
KF44LNGP,2022-07-26 17:17:45,2022-07-26 18:36:15,4710.0,40.46786257235791,9.925548664235528,0.2452699014307541,37.53446567586695
KF44LNGP,2022-07-26 19:01:35,2022-07-26 19:59:15,3460.0,27.073564070859756,6.0198903477036305,0.222353079629551,31.223324387558495
KF44LNGP,2022-07-27 09:49:25,2022-07-27 11:02:15,4370.0,53.31807679258305,11.477960733366524,0.21527334487359448,44.39282990083905
KF44LNGP,2022-07-27 12:40:45,2022-07-27 15:52:55,11530.0,88.87661130598418,21.05344944232919,0.23688402531287364,30.770305896281613
KF44LNGP,2022-07-27 16:20:35,2022-07-27 17:23:25,3770.0,30.985932194444512,8.104883841009562,0.26156656479299634,32.006609195402305
KF44LNGP,2022-07-27 17:56:45,2022-07-27 18:59:45,3780.0,26.142352627926137,5.680355103609671,0.21728553602102837,27.27744394053918
KF44LNGP,2022-07-28 08:55:05,2022-07-28 12:23:55,12530.0,114.48814159219428,25.126518672493027,0.2194683075736652,35.34530460228784
KF44LNGP,2022-07-28 13:44:35,2022-07-28 15:26:35,6120.0,61.52133741505602,12.924508967733763,0.21008172953942916,38.60307734204793
KF44LNGP,2022-07-28 16:00:25,2022-07-28 16:25:15,1490.0,20.15455999786743,5.098682209182722,0.25297908809332564,64.94787472035794
KF44LNGP,2022-07-28 18:03:15,2022-07-28 19:39:05,5750.0,67.16914100288214,14.441003568346876,0.21499461438292372,46.999846790890274
KF44LNGP,2022-07-29 10:40:15,2022-07-29 13:21:55,9700.0,128.1055199220308,31.13897592531369,0.24307286637036318,52.53336769759451
KF44LNGP,2022-07-29 14:38:25,2022-07-29 21:00:25,22920.0,290.0733511288521,94.11052348458439,0.32443698505341156,61.62931625529792
KF44LNGP,2022-07-30 00:00:15,2022-07-30 00:41:25,2470.0,36.993661305212505,9.335920565724043,0.25236541170388527,55.23697705802969
KF44LNGP,2022-07-30 11:49:35,2022-07-30 12:43:45,3250.0,41.228244495621226,10.416920414693946,0.2526646608928573,49.912410256410254
KF44LNGP,2022-07-30 13:04:25,2022-07-30 14:28:15,5030.0,45.16311051042392,10.590995806268657,0.23450545559354666,38.36550695825049
KF44LNGP,2022-07-30 15:24:55,2022-07-30 19:34:55,15000.0,201.31193134775532,43.57887394879178,0.21647437216978296,48.131854497354496
KF44LNGP,2022-07-30 21:09:15,2022-07-30 22:46:45,5850.0,63.66508117372718,14.502354903054364,0.22779135180053905,39.11678062678063
KF44LNGP,2022-07-31 00:00:05,2022-07-31 00:44:45,2680.0,46.96728807780268,12.803429084554471,0.27260311609529636,69.86892324093817
KF44LNGP,2022-07-31 10:20:35,2022-07-31 10:44:35,1440.0,18.632823333183698,5.494689901768275,0.2948930392090733,45.60453042328042
KF44LNGP,2022-07-31 11:08:05,2022-07-31 12:40:45,5560.0,74.5832839914633,18.70737678467673,0.25082532953118486,49.83154547790339
KF44LNGP,2022-07-31 13:02:55,2022-07-31 16:03:25,10830.0,180.6503753741875,38.483371883435034,0.21302680276043195,60.671822099107416
KF44LNGP,2022-07-31 18:47:15,2022-07-31 21:28:05,9650.0,141.2231738713468,31.053355465195143,0.21988852547305376,52.335641500123366
KF44LNGP,2022-08-01 09:27:15,2022-08-01 10:05:45,2310.0,14.994417469473833,3.739390004855292,0.24938548046084985,23.23953823953824
KF44LNGP,2022-08-01 11:04:35,2022-08-01 12:52:05,6450.0,60.78731422280112,14.443275509347961,0.23760344891056787,35.17438415159346
KF44LNGP,2022-08-01 14:09:15,2022-08-01 16:20:35,7880.0,85.81888464397335,24.858893351972352,0.28966693583937264,48.48083303118202
KF44LNGP,2022-08-01 16:41:55,2022-08-01 20:42:55,14460.0,114.51485656410355,27.08435918642241,0.2365139336419727,30.255530033590198
KF44LNGP,2022-08-01 21:40:35,2022-08-01 22:33:55,3200.0,35.32175013330344,10.795345236295125,0.3056288319676616,41.345
KF44LNGP,2022-08-02 00:00:15,2022-08-02 00:26:35,1580.0,9.771413270549472,2.4470964066677174,0.2504342349374515,23.745675105485233
KF44LNGP,2022-08-02 09:06:55,2022-08-02 11:28:15,8480.0,56.80040092523413,12.345176754342715,0.21734312704222922,23.24632094189877
KF44LNGP,2022-08-02 11:57:35,2022-08-02 12:17:25,1190.0,14.619818323430975,3.6819334045465215,0.25184535970912436,54.343697478991594
KF44LNGP,2022-08-02 13:22:15,2022-08-02 14:11:25,2950.0,55.96395809841634,11.571147179676709,0.20676070050885387,66.49751412429379
KF44LNGP,2022-08-02 15:15:45,2022-08-02 15:36:15,1230.0,22.488937011104824,6.010593154712916,0.26726888655275005,63.89957413859853
KF44LNGP,2022-08-02 15:56:35,2022-08-02 17:17:15,4840.0,88.92710920141656,18.600113599961546,0.20916134311566328,66.77964876033057
KF44LNGP,2022-08-02 17:49:55,2022-08-02 18:42:25,3150.0,50.05586477220224,10.299344214572795,0.20575699294066294,57.446598639455786
KF44LNGP,2022-08-03 09:15:25,2022-08-03 10:27:35,4330.0,49.970407776945784,11.451983946348781,0.22917531506781577,42.128964588144726
KF44LNGP,2022-08-03 12:19:15,2022-08-03 13:31:35,4340.0,34.69501855730287,8.222307722695897,0.23698813445266778,30.957795698924734
KF44LNGP,2022-08-03 14:35:25,2022-08-03 15:19:25,2640.0,36.02536560547851,8.666063432535749,0.24055448950718958,52.86811868686869
KF44LNGP,2022-08-03 18:07:15,2022-08-03 18:50:15,2580.0,51.95190248624646,10.33597661702064,0.19895280292684073,70.17937892211148
KF44LNGP,2022-08-03 19:26:55,2022-08-03 19:57:25,1830.0,6.5380788343496,1.071091394555307,0.16382356678356846,11.3551912568306
KF44LNGP,2022-08-03 20:16:15,2022-08-03 21:18:45,3750.0,57.45150179987431,11.269959424856891,0.19616474890620783,54.8763417989418
KF44LNGP,2022-08-04 09:12:55,2022-08-04 10:11:55,3540.0,34.260116232552285,8.161667554344547,0.23822649926066888,34.92401129943503
KF44LNGP,2022-08-04 11:35:25,2022-08-04 12:43:15,4070.0,37.26686595126521,9.227742987596859,0.2476125306502619,36.47375102375103
KF44LNGP,2022-08-04 13:15:35,2022-08-04 14:12:55,3440.0,33.0853803831803,8.417234710494386,0.2544094888137806,39.480620155038764
KF44LNGP,2022-08-04 14:33:15,2022-08-04 15:11:55,2320.0,28.80058956771669,6.054985082477859,0.21023823377786144,47.17147988505747
KF44LNGP,2022-08-04 16:11:45,2022-08-04 17:07:05,3320.0,50.79149764246755,11.680335228818155,0.2299663481285507,64.4913475329891
KF44LNGP,2022-08-04 18:46:55,2022-08-04 20:15:55,5340.0,61.29396070732167,16.461400528086646,0.26856480374452785,40.8129213483146
KF44LNGP,2022-08-04 20:33:45,2022-08-04 21:11:15,2250.0,12.940251042807942,3.5597660873653214,0.27509250597914814,19.166148148148146
KF44LNGP,2022-08-05 09:57:05,2022-08-05 10:45:45,2920.0,34.934314235546054,8.764969901932092,0.2508985819167344,44.427886497064584
KF44LNGP,2022-08-05 11:47:35,2022-08-05 21:16:45,34150.0,670.3653896186081,142.5665534540936,0.21266991951240827,68.3023710753213
KF44LNGP,2022-08-08 04:40:55,2022-08-08 05:18:45,2270.0,31.67725738924904,8.482026216963147,0.2677639074853073,48.85437382001258
KF44LNGP,2022-08-08 05:37:25,2022-08-08 06:52:35,4510.0,73.67423310836865,19.558832710491494,0.26547724876514267,67.96548674902333
KF44LNGP,2022-08-08 08:36:15,2022-08-08 09:18:05,2510.0,35.619973166632775,8.41585422364797,0.23626784288348573,55.06142098273572
KF44LNGP,2022-08-08 09:39:05,2022-08-08 10:40:55,3710.0,21.698364242366665,4.976826628224925,0.229364138818701,20.598427672955975
KF44LNGP,2022-08-08 11:51:05,2022-08-08 12:39:55,2930.0,20.71414549731188,4.526066751435096,0.21850125326301553,25.023065984072808
KF44LNGP,2022-08-08 13:38:45,2022-08-08 13:55:25,1000.0,8.077848781937684,1.5934712545535354,0.1972643085516265,25.123333333333335
KF44LNGP,2022-08-08 16:05:35,2022-08-08 16:24:55,1160.0,5.373297791654398,0.966090884663065,0.17979477820186343,15.723132183908046
KK65XRGP,2022-07-01 05:43:35,2022-07-01 06:01:35,1080.0,21.335844970843333,5.334893290631224,0.2500436846031486,79.61265432098766
KK65XRGP,2022-07-01 07:50:05,2022-07-01 09:22:45,5560.0,130.65961720198925,27.082315065543632,0.20727379771575904,80.83093525179856
KK65XRGP,2022-07-01 10:03:35,2022-07-01 11:33:05,5370.0,74.27225112586744,15.039499031456115,0.2024914931684113,50.43947858472998
KK65XRGP,2022-07-01 12:50:25,2022-07-01 15:04:25,8040.0,127.43634135407846,31.632725338795304,0.24822374059613514,61.98818407960199
KK65XRGP,2022-07-01 15:52:35,2022-07-01 17:17:45,5110.0,42.59745207946959,12.272365417369283,0.288100926658102,33.8819308545336
KK65XRGP,2022-07-03 17:36:55,2022-07-03 18:27:45,3050.0,30.927896378719193,4.855030554728463,0.15697900999400344,30.59016393442623
KK65XRGP,2022-07-03 19:36:05,2022-07-03 20:22:25,2780.0,27.319916146144504,7.099559499048907,0.2598675435557962,37.04796163069545
KK65XRGP,2022-07-04 05:48:15,2022-07-04 07:48:05,7190.0,118.47885110593765,28.786670476029997,0.24296885230842125,59.76819656930922
KK65XRGP,2022-07-04 08:34:05,2022-07-04 09:19:55,2750.0,37.64481968792703,9.319546514837384,0.2475651787442677,52.4630303030303
KK65XRGP,2022-07-04 10:49:15,2022-07-04 11:12:55,1420.0,4.4210006678650515,0.7440115615618628,0.16829030743421125,10.807511737089202
KK65XRGP,2022-07-04 12:42:35,2022-07-04 13:26:35,2640.0,58.87287528674447,13.146331387486951,0.22330031144999837,81.72727272727273
KK65XRGP,2022-07-04 13:45:45,2022-07-04 16:44:25,10720.0,164.56703467291206,33.93224660953159,0.20619103137499067,50.194340796019894
KK65XRGP,2022-07-04 17:28:25,2022-07-04 18:06:15,2270.0,46.928013868983555,9.78069295088572,0.20841906879315297,64.70264317180617
KK65XRGP,2022-07-05 06:38:35,2022-07-05 07:39:45,3670.0,60.29720659835823,14.817112105560279,0.24573463583906255,64.27384196185287
KK65XRGP,2022-07-05 09:26:25,2022-07-05 10:11:55,2730.0,31.136977534093845,8.023178443510218,0.25767364333051057,45.42673992673993
KK65XRGP,2022-07-05 11:56:25,2022-07-05 13:03:45,4040.0,51.99513254548729,11.889214405687618,0.22866014227940448,52.63490099009901
KK65XRGP,2022-07-05 14:02:25,2022-07-05 14:49:55,2850.0,28.54491235032543,7.386368229168382,0.2587630376480793,40.098245614035086
KK65XRGP,2022-07-05 15:53:55,2022-07-05 16:30:35,2200.0,36.251234591069675,8.383267640375895,0.23125467959761772,62.14545454545455
KK65XRGP,2022-07-05 17:18:05,2022-07-05 17:48:25,1820.0,17.506031913685423,4.541875533920959,0.2594463186354828,35.61721611721612
KK65XRGP,2022-07-06 05:46:45,2022-07-06 07:21:35,5690.0,82.1047357081605,19.602887412595067,0.23875464969856433,54.758640890451076
KK65XRGP,2022-07-06 08:44:25,2022-07-06 09:26:15,2510.0,22.84214486359742,4.980273930272249,0.2180300475289037,38.212483399734396
KK65XRGP,2022-07-06 09:48:45,2022-07-06 10:50:35,3710.0,39.110974227251,7.214890443297252,0.1844722762817347,34.59748427672955
KK65XRGP,2022-07-06 11:55:15,2022-07-06 12:24:55,1780.0,19.63507366972985,3.440346244168602,0.17521432830029898,37.88202247191011
KK65XRGP,2022-07-06 14:14:15,2022-07-06 16:25:35,7880.0,134.0637237310082,29.581108110539457,0.22064960816613147,62.79928087986464
KK65XRGP,2022-07-06 19:07:15,2022-07-06 19:55:45,2910.0,24.26382940808315,5.6800788926612515,0.23409655570563045,31.02061855670103
KK65XRGP,2022-07-07 05:26:05,2022-07-07 07:17:55,6710.0,85.53890813544824,21.48104991519709,0.2511260709709143,48.725782414307005
KK65XRGP,2022-07-07 07:35:45,2022-07-07 09:20:05,6260.0,101.24434488000186,21.626017060871757,0.21360222229205617,57.62113951011714
KK65XRGP,2022-07-07 10:05:45,2022-07-07 10:27:35,1310.0,13.393805975619054,2.7933394230538138,0.20855456829362554,37.64885496183206
KK65XRGP,2022-07-07 11:42:05,2022-07-07 13:33:25,6680.0,89.33254909774035,14.295421157629999,0.1600247759860644,40.036427145708586
KK65XRGP,2022-07-07 15:30:55,2022-07-07 17:30:25,7170.0,118.2941102849522,22.159700051521366,0.1873271627652643,57.38075313807531
KK65XRGP,2022-07-08 06:29:45,2022-07-08 07:36:45,4020.0,73.88616991237502,19.96164747275342,0.2701675766442738,71.20605306799337
KK65XRGP,2022-07-08 09:36:25,2022-07-08 10:52:15,4550.0,50.27975504348759,11.48851755703804,0.2284919158238038,41.40659340659341
KK65XRGP,2022-07-08 11:17:15,2022-07-08 11:42:45,1530.0,5.616080737810699,1.0900797823569524,0.19409973489481833,14.188453159041392
KK65XRGP,2022-07-08 14:24:55,2022-07-08 15:01:55,2220.0,35.27326539309305,9.004719827617464,0.2552845541025726,60.468468468468465
KK65XRGP,2022-07-08 19:07:05,2022-07-08 19:49:25,2540.0,42.78629493207983,8.989204633787121,0.21009542069620282,58.76574803149607
KK65XRGP,2022-07-09 07:27:35,2022-07-09 08:42:45,4510.0,61.797612689916896,17.371789658370474,0.28110777912307466,55.44567627494457
KK65XRGP,2022-07-09 10:47:25,2022-07-09 11:30:25,2580.0,30.75484251367142,7.8458898678264175,0.25511071514473505,47.564922480620154
KK65XRGP,2022-07-09 12:53:45,2022-07-09 13:47:35,3230.0,67.09750711404051,17.12274639066586,0.2551919903903976,82.656346749226
KK65XRGP,2022-07-09 14:14:35,2022-07-09 14:57:45,2590.0,50.959292874054185,10.249101749593285,0.20112331179563114,61.14671814671814
KK65XRGP,2022-07-09 15:49:35,2022-07-09 17:55:45,7570.0,107.86982128808032,24.091191852158858,0.2233357909050411,51.225671510347865
KK65XRGP,2022-07-09 21:21:45,2022-07-09 22:40:35,4730.0,63.838685404396564,18.280485328494457,0.286354351012928,51.39217758985201
KK65XRGP,2022-07-10 09:22:55,2022-07-10 11:07:55,6300.0,94.13768825494869,22.970637214004544,0.24401106124248817,58.426587301587304
KK65XRGP,2022-07-10 14:12:05,2022-07-10 18:48:05,16560.0,270.73941402720436,56.24485142866646,0.20774533929889824,59.23565821256039
KK65XRGP,2022-07-10 19:21:55,2022-07-10 20:47:05,5110.0,105.69096791657253,22.326677010222028,0.21124489112301115,72.2292889758643
KK65XRGP,2022-07-11 05:33:05,2022-07-11 06:34:45,3700.0,56.645723492828026,14.553613596589344,0.2569234303880326,61.10360360360361
KK65XRGP,2022-07-11 07:56:55,2022-07-11 08:52:55,3360.0,47.78701307877266,13.106421258101514,0.2742674298662848,58.05357142857143
KK65XRGP,2022-07-11 10:51:05,2022-07-11 12:22:15,5470.0,51.17336282198481,9.510099176825399,0.1858408096006488,36.42931139549055
KK65XRGP,2022-07-11 12:58:05,2022-07-11 14:04:15,3970.0,48.16870596809423,9.928770272156298,0.20612491186150758,43.22502099076407
KK65XRGP,2022-07-11 17:14:25,2022-07-11 18:56:55,6150.0,66.86973003968154,14.42605382844608,0.2157336932553105,40.49674796747968
KK65XRGP,2022-07-12 05:40:55,2022-07-12 07:47:45,7610.0,103.85135038403367,22.34855624911334,0.2151975507922645,51.47021462987297
KK65XRGP,2022-07-12 09:53:35,2022-07-12 10:30:35,2220.0,13.554685359653444,2.0446567328290786,0.1508450162122653,20.98873873873874
KK65XRGP,2022-07-12 11:26:45,2022-07-12 12:19:05,3140.0,59.37445651591283,10.34007779631355,0.17415027274468314,54.4187898089172
KK65XRGP,2022-07-12 13:42:55,2022-07-12 14:47:15,3860.0,63.61639165833363,13.214691192069694,0.20772462643027936,57.882124352331594
KK65XRGP,2022-07-12 16:29:45,2022-07-12 16:47:35,1070.0,13.659793601341798,2.478623913252867,0.1814539798763425,40.66121495327103
KK65XRGP,2022-07-12 17:30:05,2022-07-12 19:19:35,6570.0,69.96341259640158,14.309794930651236,0.2045325463639152,37.211567732115675
KK65XRGP,2022-07-13 05:24:55,2022-07-13 06:31:55,4020.0,79.72922427309095,21.31866100283178,0.2673882907704013,76.3818407960199
KK65XRGP,2022-07-13 07:38:45,2022-07-13 08:03:15,1470.0,18.922956297660804,4.325090522016426,0.22856315123187596,53.92063492063492
KK65XRGP,2022-07-13 08:29:35,2022-07-13 09:49:45,4810.0,39.70161220626323,10.501552737205712,0.26451199721176594,35.8936243936244
KK65XRGP,2022-07-13 10:13:25,2022-07-13 11:08:35,3310.0,36.535076679587284,8.676181761364173,0.2374753948774847,49.03826787512588
KK65XRGP,2022-07-13 13:32:15,2022-07-13 14:34:15,3720.0,31.206991172075657,6.952864603474272,0.22279830071204584,33.272401433691755
KK65XRGP,2022-07-13 15:27:25,2022-07-13 17:01:05,5620.0,101.42344066451925,22.95286660326139,0.22630731567452084,68.72864768683274
KK65XRGP,2022-07-13 17:22:15,2022-07-13 17:47:05,1490.0,17.025526894804305,3.968332579832509,0.23308133747352797,47.45637583892618
KK65XRGP,2022-07-13 18:09:35,2022-07-13 18:53:15,2620.0,25.668908428377822,6.969126440482885,0.27150069353078865,44.19147582697201
KK65XRGP,2022-07-14 00:00:45,2022-07-14 00:45:35,2690.0,24.699458715325903,6.440403998242132,0.26075081533045463,35.44795539033457
KK65XRGP,2022-07-14 06:11:15,2022-07-14 06:29:05,1070.0,21.13788618318336,5.060060838596739,0.23938348398442813,79.77570093457943
KK65XRGP,2022-07-14 07:07:45,2022-07-14 08:09:55,3730.0,51.277917689903866,11.335804484643813,0.22106600648636957,47.684986595174266
KK65XRGP,2022-07-14 18:47:15,2022-07-14 19:05:45,1110.0,21.915211687896015,3.619788673209205,0.16517242565393286,68.40690690690691
KK65XRGP,2022-07-14 19:23:25,2022-07-14 19:46:25,1380.0,23.448259110544235,4.235268963630656,0.18062189366229478,54.07367149758454
KK65XRGP,2022-07-15 06:58:05,2022-07-15 11:25:05,16020.0,216.1905839649077,50.16805611816493,0.23205476944503867,52.24490220557636
KK65XRGP,2022-07-15 12:46:45,2022-07-15 13:54:45,4080.0,38.59801939916047,9.285628859728847,0.2405726771547976,39.37140522875817
KK65XRGP,2022-07-15 14:26:55,2022-07-15 14:54:45,1670.0,22.595347825555145,4.82553942910761,0.21356340545685099,50.06287425149701
KK65XRGP,2022-07-15 15:22:55,2022-07-15 19:01:45,13130.0,166.28909960842648,32.448565831367176,0.19513345076602295,45.06968773800457
KK65XRGP,2022-07-16 05:49:25,2022-07-16 06:06:45,1040.0,22.0042052297695,6.639833107043687,0.30175291666797643,85.97115384615384
KK65XRGP,2022-07-16 08:08:15,2022-07-16 08:46:15,2280.0,46.43636386814481,9.925688634226912,0.21374818800220274,72.50292397660819
KK65XRGP,2022-07-16 09:48:55,2022-07-16 10:42:45,3230.0,70.51519640506594,16.33629766892861,0.23167059728638834,79.90892672858618
KK65XRGP,2022-07-16 14:31:55,2022-07-16 14:51:15,1160.0,21.885950341386124,4.878213418543492,0.2228924649124711,74.7140804597701
KK65XRGP,2022-07-17 02:53:25,2022-07-17 04:55:45,7340.0,98.58667028339664,25.351886831925714,0.2571532922153607,54.94663941871027
KK65XRGP,2022-07-17 10:04:05,2022-07-17 11:32:55,5330.0,78.83756512399727,21.277230794608542,0.2698869601203855,58.362414008755465
KK65XRGP,2022-07-17 11:52:45,2022-07-17 12:16:05,1400.0,13.409262750498463,2.902067411487726,0.21642259276184644,38.0
KK65XRGP,2022-07-18 02:47:25,2022-07-18 03:40:25,3180.0,52.28656673115732,14.590134418595843,0.27904173730920545,68.63626834381552
KK65XRGP,2022-07-18 05:29:45,2022-07-18 07:49:55,8410.0,139.03643742340154,31.775352840557193,0.22853975137318222,59.456599286563616
KK65XRGP,2022-07-18 08:46:25,2022-07-18 11:59:35,11590.0,146.6638974070017,32.69582532742795,0.2229302909951652,47.31952832901927
KK65XRGP,2022-07-19 05:57:55,2022-07-19 07:43:45,6350.0,117.51954383707006,28.55048641002005,0.24294245431723807,67.76601049868766
KK65XRGP,2022-07-19 08:03:55,2022-07-19 08:22:45,1130.0,5.771275036170273,0.892202483651601,0.15459365184641286,14.429203539823009
KK65XRGP,2022-07-19 09:28:55,2022-07-19 10:28:55,3600.0,74.51438813626835,13.459472607535226,0.18062917705129894,65.45902777777778
KK65XRGP,2022-07-19 10:45:35,2022-07-19 11:04:05,1110.0,3.1208545871815487,0.46861118811126606,0.1501547653120455,9.303303303303304
KK65XRGP,2022-07-19 11:33:35,2022-07-19 12:44:45,4270.0,89.71261210711894,20.74883252320031,0.23128111015679403,80.15807962529274
KK65XRGP,2022-07-20 08:27:55,2022-07-20 10:00:35,5560.0,63.82883978963568,12.517339952239693,0.1961079034726904,40.009892086330936
KK65XRGP,2022-07-20 10:56:25,2022-07-20 13:33:35,9430.0,90.33786783144252,22.88192511450368,0.2532927294365422,37.46862849063273
KK65XRGP,2022-07-20 13:50:25,2022-07-20 14:22:05,1900.0,47.586521185529605,10.117082346389537,0.21260394948698205,85.46052631578948
KK65XRGP,2022-07-20 15:21:45,2022-07-20 15:50:05,1700.0,23.117833996387418,5.45160780359617,0.23581827797743002,48.68529411764706
KK65XRGP,2022-07-20 16:17:05,2022-07-20 17:11:15,3250.0,68.61814154892117,13.581641221061748,0.19793076458328068,71.83794871794872
KK65XRGP,2022-07-20 17:52:45,2022-07-20 20:12:05,8360.0,108.34358594542626,22.53611617950843,0.20800600222758084,45.13586523125996
KK65XRGP,2022-07-21 06:41:15,2022-07-21 08:06:05,5090.0,75.66369879449007,19.062944206354505,0.25194306530178107,57.68434839554683
KK65XRGP,2022-07-21 08:46:35,2022-07-21 10:22:15,5740.0,62.640938032045305,11.44740786992812,0.182746431160912,35.535423925667835
KK65XRGP,2022-07-21 11:21:45,2022-07-21 12:04:45,2580.0,28.712756710902983,6.332531396292648,0.22054766318860705,44.22674418604651
KK65XRGP,2022-07-21 12:23:25,2022-07-21 12:59:45,2180.0,6.834944021057546,0.8149273132905791,0.11922955195827462,11.09862385321101
KK65XRGP,2022-07-21 13:28:05,2022-07-21 14:54:35,5190.0,68.6788806680652,14.427996310690615,0.21007908356024574,49.33750802825948
KK65XRGP,2022-07-21 15:50:55,2022-07-21 16:55:05,3850.0,60.3970005822429,12.901000544940501,0.2136033316318936,58.923376623376626
KK65XRGP,2022-07-21 17:55:45,2022-07-21 18:42:25,2800.0,35.208272739279685,8.13023944001603,0.2309184406807218,46.566071428571426
KK65XRGP,2022-07-21 19:51:25,2022-07-21 20:48:55,3450.0,40.06184184403894,7.547724325802658,0.18840183023002308,42.31594202898551
KK65XRGP,2022-07-21 21:05:35,2022-07-21 21:35:25,1790.0,23.097085364911557,6.304134090329181,0.27294067587879484,49.6610800744879
KK65XRGP,2022-07-22 05:49:45,2022-07-22 06:10:05,1220.0,22.02383715494744,5.9076469010949175,0.26823876600303603,72.64617486338798
KK65XRGP,2022-07-22 06:26:45,2022-07-22 07:51:05,5060.0,79.10929900479972,17.803139628732794,0.22504484115897222,54.980237154150196
KK65XRGP,2022-07-22 08:56:55,2022-07-22 10:25:35,5320.0,48.102198237343934,8.766368203178649,0.18224464836147378,31.033521303258144
KK65XRGP,2022-07-22 10:54:25,2022-07-22 11:56:55,3750.0,47.328708183748844,7.896262202739307,0.1668387434553016,44.114666666666665
KK65XRGP,2022-07-22 12:36:55,2022-07-22 13:50:05,4390.0,41.94253718150563,10.082260165737692,0.2403826960230584,42.02809415337889
KK65XRGP,2022-07-22 16:06:05,2022-07-22 17:45:25,5960.0,76.64810801116813,18.880580701675026,0.2463280724284023,49.61856823266219
KN34FKGP,2022-08-01 08:30:35,2022-08-01 09:50:05,4770.0,37.062438323395625,10.528443086706108,0.2840731361179774,30.60221623240491
KN34FKGP,2022-08-01 12:30:05,2022-08-01 12:47:05,1020.0,4.806227899025821,1.1519827665542837,0.2396854229046817,17.59564977506154
KN34FKGP,2022-08-01 13:09:25,2022-08-01 14:16:35,4030.0,72.66008043829805,18.18858242561145,0.2503242814471826,70.94508448540707
KN34FKGP,2022-08-01 14:33:25,2022-08-01 16:09:05,5740.0,66.93012388979513,20.34041096813066,0.30390517432214065,45.73641114982578
KN34FKGP,2022-08-01 18:24:15,2022-08-01 20:37:55,8020.0,89.65729401375907,20.808167565176248,0.23208560769169506,42.865893797252895
KN34FKGP,2022-08-02 00:00:05,2022-08-02 00:18:25,1100.0,16.531265248105587,4.743683526649784,0.2869522359877076,61.06136363636364
KN34FKGP,2022-08-02 06:27:55,2022-08-02 08:06:15,5900.0,102.15876976668895,29.510326015023733,0.2888672806301374,74.84164716168954
KN34FKGP,2022-08-02 09:07:05,2022-08-02 10:09:55,3770.0,37.25435277395773,9.76776183019064,0.26219115627795025,40.35175628968732
KN34FKGP,2022-08-02 12:33:55,2022-08-02 13:26:25,3150.0,24.9050748006941,6.687756496576291,0.26852986991992106,31.695941043083902
KN34FKGP,2022-08-02 13:55:45,2022-08-02 15:12:15,4590.0,49.780538165999104,11.640084048532609,0.2338280074377133,46.373430853823
KN34FKGP,2022-08-02 17:15:25,2022-08-02 17:55:55,2430.0,24.720641714597544,7.0834495433800235,0.2865398732427421,41.44077013521458
KN34FKGP,2022-08-02 19:36:55,2022-08-02 19:57:05,1210.0,13.396089609028692,3.3779298594064984,0.2521579026412187,44.50806768988588
KN34FKGP,2022-08-03 13:00:15,2022-08-03 13:24:35,1460.0,21.519285425543227,6.301105595868614,0.2928120275029788,58.68933463796478
KN34FKGP,2022-08-03 14:44:25,2022-08-03 16:04:25,4800.0,62.075573731447975,13.449855696264231,0.21666905173444137,49.04712572150072
KN34FKGP,2022-08-03 17:02:25,2022-08-03 18:19:55,4650.0,65.17328357846056,13.789313279540865,0.21157923189400518,52.822410820959206
KN34FKGP,2022-08-03 20:16:25,2022-08-03 21:28:15,4310.0,78.97397073399081,24.57844839830042,0.3112221428132108,92.35321787647773
KN34FKGP,2022-08-04 00:43:05,2022-08-04 01:35:35,3150.0,58.97272107044267,17.543846617901494,0.29749087882421843,73.09108087679516
KN34FKGP,2022-08-04 11:47:15,2022-08-04 14:16:55,8980.0,135.26685073639277,38.66964824859344,0.2858767542681438,64.69033566656061
KN34FKGP,2022-08-04 15:59:25,2022-08-04 16:39:55,2430.0,35.02633580504903,9.066854066817827,0.2588581950816232,62.36936605918088
KN34FKGP,2022-08-04 17:03:15,2022-08-04 19:10:25,7630.0,69.60123592598879,20.406053222018524,0.2931852136033549,43.945343483515174
KN34FKGP,2022-08-04 19:27:25,2022-08-04 22:07:25,9600.0,169.53662827148537,40.726115638667494,0.2402201580501603,68.11154596560846
KN34FKGP,2022-08-05 00:00:05,2022-08-05 01:48:05,6480.0,71.25465831492089,17.506165591964702,0.24568450689347943,41.64365079365079
KN34FKGP,2022-08-05 12:09:35,2022-08-05 12:31:55,1340.0,21.568852798668516,5.820029185438628,0.26983489756107515,62.99435856432125
KN34FKGP,2022-08-05 13:24:55,2022-08-05 14:40:15,4520.0,46.645868960801344,12.607509380105407,0.2702813702688243,42.367762326169405
KN34FKGP,2022-08-05 16:13:35,2022-08-05 18:06:55,6800.0,65.2160190526677,17.9936964464221,0.2759091509693439,38.6177439309057
KN34FKGP,2022-08-05 19:15:05,2022-08-05 19:55:55,2450.0,22.97692544822105,5.947457545108612,0.25884479446614056,36.700422740524786
KN34FKGP,2022-08-08 10:19:15,2022-08-08 10:49:15,1800.0,16.688212455873366,3.633456908770243,0.21772594988095675,34.7475
KN34FKGP,2022-08-08 11:44:35,2022-08-08 12:30:55,2780.0,37.72365433414346,7.618025553838284,0.20194293708558486,51.13798039490486
KN34FKGP,2022-08-08 15:18:05,2022-08-08 15:54:35,2190.0,29.10805920679277,5.078065421923103,0.1744556511255847,38.67726679712982
KN34FKGP,2022-08-08 18:51:05,2022-08-08 20:09:55,4730.0,92.76480478960517,20.335507316963195,0.2192157614419074,71.0420431283539
KN34FKGP,2022-08-08 21:09:35,2022-08-08 21:58:25,2930.0,67.4658010074803,14.552903787433385,0.21570786339318535,82.34927677555663
KN34FKGP,2022-08-09 00:00:05,2022-08-09 01:11:15,4270.0,43.55248935533128,9.391215776144469,0.2156298277125894,38.86981153116984
KN34FKGP,2022-08-09 01:31:35,2022-08-09 01:53:05,1290.0,7.602742565734801,1.5640803396951584,0.2057258056775977,24.05490956072352
KN34FKGP,2022-08-09 09:58:25,2022-08-09 10:31:45,2000.0,27.85958031995037,9.035539453963159,0.32432432040237047,55.982827380952386
KN34FKGP,2022-08-09 10:55:55,2022-08-09 12:08:45,4370.0,53.98552975158685,12.344951649139913,0.22867149226737088,50.82831262939959
KN34FKGP,2022-08-09 15:27:55,2022-08-09 15:56:35,1720.0,15.18278733054857,3.9387613898887244,0.25942281243469234,35.333333333333336
KN34FKGP,2022-08-09 16:48:35,2022-08-09 18:25:05,5790.0,69.915907055921,15.780470469998841,0.2257064398431835,47.94779998355128
KN34FKGP,2022-08-09 18:51:45,2022-08-09 19:37:45,2760.0,33.051227105898484,7.20519522236974,0.21800083849485472,46.61906487232574
KN34FKGP,2022-08-09 20:33:45,2022-08-09 21:21:45,2880.0,16.654553287928024,4.748084322262637,0.2850922651707665,27.693634259259262
KN34FKGP,2022-08-09 21:51:35,2022-08-09 22:32:25,2450.0,30.35038102721215,9.313511859811728,0.3068663899626576,46.091587301587296
KN34FKGP,2022-08-10 00:05:15,2022-08-10 00:45:15,2400.0,38.69493903194865,8.393438402957464,0.2169130799257077,56.224374999999995
KN34FKGP,2022-08-10 10:28:15,2022-08-10 11:09:55,2500.0,22.939531253604628,5.80609381891965,0.25310429209434276,36.90710476190476
KN34FKGP,2022-08-10 11:47:25,2022-08-10 12:28:35,2470.0,29.511388590642092,7.213681701658675,0.24443721716117744,50.9757085020243
KN34FKGP,2022-08-10 15:59:05,2022-08-10 16:35:35,2190.0,29.66673374716607,7.579807602837945,0.25549855496181845,60.95865767920563
KN34FKGP,2022-08-10 19:50:05,2022-08-10 20:25:45,2140.0,30.428167767006812,8.237567628664152,0.27072177634028055,55.4650756564308
KN34FKGP,2022-08-10 21:44:55,2022-08-10 22:08:25,1410.0,24.054684606467912,6.602854399843929,0.2744934929667932,75.2760553866937
KN34FKGP,2022-08-11 08:02:15,2022-08-11 08:34:25,1930.0,29.87803165735603,8.276023070970348,0.27699358397770407,58.077029360967174
KN34FKGP,2022-08-11 10:18:05,2022-08-11 10:36:45,1120.0,7.636925364041333,2.6387185464345624,0.34552105993585314,26.72373511904762
KN34FKGP,2022-08-11 11:40:15,2022-08-11 12:39:15,3540.0,49.60217121681506,11.892309923624257,0.2397538178649886,53.03429237899577
KN34FKGP,2022-08-11 12:57:05,2022-08-11 13:14:55,1070.0,20.328980236483467,5.244503629634672,0.2579816384602808,75.29797507788162
KN34FKGP,2022-08-11 15:34:45,2022-08-11 16:06:45,1920.0,13.108103053316803,3.5571200863072794,0.2713680287558622,28.549330357142853
KN34FKGP,2022-08-11 17:50:45,2022-08-11 18:51:35,3650.0,40.31518340182037,12.117819988485964,0.3005770770706404,44.29705696890629
KN34FKGP,2022-08-11 19:44:45,2022-08-11 20:57:05,4340.0,49.23316932120195,13.523650101174665,0.2746857512451629,50.88160522273426
KN34FKGP,2022-08-12 11:11:45,2022-08-12 11:36:55,1510.0,21.52345441513994,4.869842529218607,0.22625747871554866,56.37127089246295
KN34FKGP,2022-08-12 13:08:45,2022-08-12 16:04:15,10530.0,135.19821001075724,33.78527780337012,0.2498944165065643,45.98996970108081
KN34FKGP,2022-08-12 16:26:45,2022-08-12 17:17:05,3020.0,43.26865292389491,9.772761744941652,0.22586239886254214,53.678114159571116
KN34FKGP,2022-08-12 18:38:05,2022-08-12 21:37:25,10760.0,133.58263342529628,30.968866973087174,0.23183303232606178,46.428739599929195
KN34FKGP,2022-08-12 22:43:45,2022-08-12 23:17:45,2040.0,39.986788056885736,7.343175814015791,0.18364005139820913,66.4361636321195
KN34FKGP,2022-08-13 00:22:35,2022-08-13 01:11:35,2940.0,72.74130552019518,20.21547145257762,0.2779091096593695,98.38216715257532
KN34FKGP,2022-08-14 13:10:35,2022-08-14 13:57:05,2790.0,10.908771753396055,3.2812396896532623,0.30078910475249115,14.257569551117937
KN34FKGP,2022-08-14 14:30:35,2022-08-14 15:59:25,5330.0,79.44792950527048,19.595690434843156,0.24664822049948076,60.63872286250335
KN34FKGP,2022-08-15 07:54:35,2022-08-15 08:28:05,2010.0,21.548380625495525,6.027460760454398,0.2797175743834249,42.77155887230514
KN34FKGP,2022-08-15 10:24:55,2022-08-15 12:36:35,7900.0,123.43310561408998,28.265983177706346,0.2289983958280943,58.64254963742306
KN34FKGP,2022-08-15 12:55:05,2022-08-15 13:17:05,1320.0,3.781019478499963,0.7065686701207371,0.18687252846447985,10.750252525252526
KN34FKGP,2022-08-15 14:12:45,2022-08-15 14:53:55,2470.0,26.031084175876735,6.231864251719382,0.23940087203492325,44.534581646423746
KN34FKGP,2022-08-15 15:32:25,2022-08-15 15:49:15,1010.0,1.1827151809508267,0.23105888152882065,0.19536308085862583,4.99059405940594
KN34FKGP,2022-08-15 16:59:25,2022-08-15 19:26:25,8820.0,160.03735197602734,38.13002026252984,0.23825700557855703,66.8232966202354
KN34FKGP,2022-08-16 05:35:35,2022-08-16 07:28:35,6780.0,82.9698506962457,23.07596273111255,0.27812467465554586,51.909129059239675
KN34FKGP,2022-08-16 09:38:55,2022-08-16 12:20:05,9670.0,62.22465360934198,18.139466198355656,0.29151574410102177,26.490440488501505
KN34FKGP,2022-08-16 13:52:45,2022-08-16 18:09:55,15430.0,301.74403766935495,69.34995573508785,0.22983040947798322,71.82372919080632
KN34FKGP,2022-08-17 07:36:15,2022-08-17 08:14:45,2310.0,20.80964206459101,6.684491774647897,0.3212208914454134,36.47818319246891
KN34FKGP,2022-08-17 08:49:15,2022-08-17 09:37:05,2870.0,31.90682079252017,7.07060859815048,0.22160178991596757,46.514779326364696
KN34FKGP,2022-08-17 10:33:35,2022-08-17 11:46:15,4360.0,66.6492603247722,14.377020515663235,0.21571162899042082,55.166420926168634
KN34FKGP,2022-08-17 13:01:55,2022-08-17 13:35:05,1990.0,41.94170568336159,8.540428888547627,0.20362616992793506,79.27073462550851
KN34FKGP,2022-08-17 15:38:55,2022-08-17 16:56:05,4630.0,47.52772686256293,12.64074839892259,0.265965768476076,42.62772292502314
KN34FKGP,2022-08-17 18:22:25,2022-08-17 20:21:05,7120.0,140.50515068288604,33.91027770391768,0.24134544206462358,79.38675093632959
KN34FKGP,2022-08-17 20:46:25,2022-08-17 21:26:55,2430.0,24.34629483204068,6.531261509281317,0.26826511197448905,39.8753478346071
KN34FKGP,2022-08-18 07:19:05,2022-08-18 07:45:05,1560.0,17.38920397634613,3.815742125755077,0.21943167329254895,42.76101953601954
KN34FKGP,2022-08-18 08:31:05,2022-08-18 09:10:45,2380.0,40.0060527127545,8.26681931438835,0.20663921466445426,64.30901360544219
KN34FKGP,2022-08-18 10:23:25,2022-08-18 11:17:55,3270.0,45.74123892187245,10.021742291601004,0.2190964330616071,49.350276685597784
KN34FKGP,2022-08-18 13:41:15,2022-08-18 14:16:05,2090.0,24.815452508940275,4.801064351628646,0.1934707557679621,43.25023923444976
KN34FKGP,2022-08-18 15:37:55,2022-08-18 16:11:45,2030.0,44.919262836586036,9.596913311284824,0.21364805887839033,83.08145672061929
KN34FKGP,2022-08-18 17:39:15,2022-08-18 19:20:55,6100.0,126.51607557937011,31.18407728919051,0.24648312197786373,85.2680757220921
KR87GHGP,2022-08-01 09:25:15,2022-08-01 10:45:35,4820.0,39.96530707557181,8.071422915276266,0.2019607380975136,31.266770401106502
KR87GHGP,2022-08-01 12:05:45,2022-08-01 13:15:45,4200.0,44.75525189733941,7.5733973283476885,0.16921806955124988,39.656329365079365
KR87GHGP,2022-08-01 13:45:15,2022-08-01 14:25:15,2400.0,18.18908556574683,4.702640147689651,0.2585418673572865,31.15
KR87GHGP,2022-08-01 15:25:25,2022-08-01 16:01:45,2180.0,24.87820245181134,5.171285281271021,0.2078641047836038,49.331727828746175
KR87GHGP,2022-08-01 17:00:15,2022-08-01 17:19:05,1130.0,9.33696879619741,1.9060343307708898,0.20413844925208965,34.84041297935103
KR87GHGP,2022-08-01 18:20:05,2022-08-01 22:35:55,15350.0,185.7326311544637,35.665520366115295,0.19202614071866686,46.68658058011478
KR87GHGP,2022-08-02 05:21:05,2022-08-02 06:24:05,3780.0,40.6531066625643,8.6874247818028,0.2136964550805825,44.765791131267314
KR87GHGP,2022-08-02 07:07:55,2022-08-02 09:16:35,7720.0,56.563100902077,13.141057119625986,0.23232561351924477,31.84708633335576
KR87GHGP,2022-08-02 09:41:25,2022-08-02 10:22:45,2480.0,19.0742292399786,4.036761594871207,0.2116343231531664,30.379694700460828
KR87GHGP,2022-08-02 11:08:55,2022-08-02 11:53:15,2660.0,24.815240454691367,6.132729495951596,0.2471356063282551,37.62299200381907
KR87GHGP,2022-08-02 13:02:55,2022-08-02 15:27:25,8670.0,104.7821027910207,19.611694351360867,0.18716645141656282,46.906415115065634
KR87GHGP,2022-08-02 17:33:25,2022-08-02 18:26:35,3190.0,60.31566752546478,10.507406943153335,0.17420692457257797,70.93254963427377
KR87GHGP,2022-08-03 05:46:15,2022-08-03 06:28:35,2540.0,37.26072792790536,6.98858435071301,0.18755898607872096,59.410892388451444
KR87GHGP,2022-08-03 09:10:55,2022-08-03 10:58:45,6470.0,92.7130339054179,20.255749714200856,0.21847790823957886,64.77276072716566
KR87GHGP,2022-08-03 16:00:35,2022-08-03 16:59:05,3510.0,25.608226862002116,5.786196653603671,0.22595069486006933,30.768067426400762
KR87GHGP,2022-08-04 05:33:15,2022-08-04 08:52:25,11950.0,164.99723039607605,33.86317204465283,0.2052347906892997,52.787440725244075
KR87GHGP,2022-08-04 09:24:25,2022-08-04 11:46:35,8530.0,45.7439292040157,11.68446813908819,0.25543210525217525,23.089437838441356
KR87GHGP,2022-08-05 06:02:55,2022-08-05 08:21:35,8320.0,89.0436392715588,21.81901723889331,0.24503734817431777,49.87912660256411
KR87GHGP,2022-08-05 09:31:35,2022-08-05 12:44:35,11580.0,113.259074996617,28.676140704016447,0.25319066666289647,43.304519286125505
KR87GHGP,2022-08-05 13:09:45,2022-08-05 14:00:45,3060.0,54.05376502822876,11.140660115309394,0.20610331416306252,66.04158626413528
KR87GHGP,2022-08-05 14:50:05,2022-08-05 16:27:55,5870.0,44.31228878005957,9.159274748701739,0.2066982997462183,29.213460290419405
KR87GHGP,2022-08-05 16:52:15,2022-08-05 18:02:25,4210.0,56.307461408920844,11.211757617651642,0.19911673048494694,56.84901594842213
KR87GHGP,2022-08-05 18:51:25,2022-08-05 19:27:05,2140.0,17.153236419891556,4.279732576324971,0.24950000522129034,40.16552625723186
KR87GHGP,2022-08-06 05:05:15,2022-08-06 07:11:15,7560.0,136.84917662365433,25.760733926360686,0.1882417896981921,67.66582243447323
KR87GHGP,2022-08-06 07:41:55,2022-08-06 08:31:35,2980.0,67.6197251796144,12.190774706964095,0.18028429832541376,84.29005321673107
KR87GHGP,2022-08-06 09:40:55,2022-08-06 10:28:35,2860.0,11.815292522687091,2.266831756819037,0.19185574563358362,17.04205794205794
KR87GHGP,2022-08-06 11:34:55,2022-08-06 12:21:25,2790.0,26.588411418966114,5.100941043492757,0.19184828168613866,42.86933777095067
KR87GHGP,2022-08-06 12:54:15,2022-08-06 13:12:45,1110.0,0.33042386693422554,0.0516735730491863,0.15638571610649568,1.3783783783783783
KR87GHGP,2022-08-07 08:46:35,2022-08-07 10:08:45,4930.0,70.54528691444192,16.221603409017476,0.2299459555489683,54.946681023506585
KR87GHGP,2022-08-07 11:29:45,2022-08-07 12:23:45,3240.0,23.367206401712906,4.515998455035203,0.19326223158212713,31.842412551440326
KR87GHGP,2022-08-07 13:46:15,2022-08-07 14:39:35,3200.0,24.539849899717897,5.6311134110510395,0.22946812772134248,34.25749458874459
KR87GHGP,2022-08-08 12:51:35,2022-08-08 13:40:45,2950.0,32.961437115883285,5.987739003792276,0.18165891804841652,41.34927360774818
KR87GHGP,2022-08-09 08:40:15,2022-08-09 09:32:55,3160.0,58.57648125303203,11.023364131248435,0.18818754379647626,70.18968128390597
KR87GHGP,2022-08-09 10:06:05,2022-08-09 11:03:55,3470.0,51.662609759555686,10.24243943154148,0.19825633043338478,55.806765472759714
KR87GHGP,2022-08-09 11:40:25,2022-08-09 12:34:05,3220.0,67.44238515902101,13.66986119506636,0.20268946839342167,76.82009020999705
KR87GHGP,2022-08-09 21:24:35,2022-08-09 21:54:05,1770.0,20.28598495340339,5.461891545356114,0.26924458230162346,44.491431261770245
KR87GHGP,2022-08-10 10:49:25,2022-08-10 16:51:55,21750.0,400.65004067918557,81.8645512710872,0.204329322249187,66.6748735632184
KR87GHGP,2022-08-10 17:49:15,2022-08-10 20:50:35,10880.0,117.86235577883676,21.290143585437214,0.18063565287450373,41.963054753151255
KR87GHGP,2022-08-10 21:41:15,2022-08-10 23:16:35,5720.0,91.17906098722496,15.838810731443806,0.17371105339265308,62.090068580409486
KR01YWGP,2022-08-01 03:11:55,2022-08-01 04:29:45,4670.0,33.22147721749308,6.07367032191961,0.18282360781721838,29.14921144760545
KR01YWGP,2022-08-01 06:26:15,2022-08-01 07:48:05,4910.0,45.108738418750605,11.42954689376161,0.2533776668205517,39.05011638056444
KR01YWGP,2022-08-01 08:54:45,2022-08-01 09:30:35,2150.0,27.211795683604766,6.677662081874972,0.24539586286465817,54.75705426356589
KR01YWGP,2022-08-01 13:02:25,2022-08-01 13:42:55,2430.0,45.257698496874696,8.273395852704375,0.1828063760970015,69.6224279835391
KR01YWGP,2022-08-01 14:17:45,2022-08-01 14:45:45,1680.0,12.423724245670785,3.1988470773241153,0.25747891808197504,27.440589569161002
KR01YWGP,2022-08-01 15:33:35,2022-08-01 16:16:45,2590.0,48.01585941296678,9.4115149437887,0.19600846592880308,69.29157933443648
KR01YWGP,2022-08-01 17:11:45,2022-08-01 17:46:35,2090.0,16.992829309268718,4.436729931748142,0.26109424457810176,40.08899521531101
KR01YWGP,2022-08-01 18:14:05,2022-08-01 19:19:55,3950.0,25.384761513783296,6.179615798762387,0.24343800887816136,30.884178037152722
KR01YWGP,2022-08-01 20:28:45,2022-08-01 21:21:15,3150.0,42.29045760361038,10.249172057302763,0.24235188357072263,56.245422020660115
KR01YWGP,2022-08-02 04:48:05,2022-08-02 05:31:05,2580.0,50.90298284010701,11.161946349196405,0.21927882663099632,79.98947028423773
KR01YWGP,2022-08-02 05:57:55,2022-08-02 07:19:25,4890.0,79.47492019888439,18.872973201048634,0.23747080404509244,69.93303632291362
KR01YWGP,2022-08-02 07:48:55,2022-08-02 08:43:05,3250.0,43.380213400763125,9.878921434165445,0.2277287422009699,57.64412454212455
KR01YWGP,2022-08-02 09:07:15,2022-08-02 10:31:55,5080.0,59.3425788229702,12.525394856744187,0.21106927108964607,43.91055961754781
KR01YWGP,2022-08-02 11:45:15,2022-08-02 12:58:45,4410.0,48.49888573664415,8.64185255958187,0.17818662075059538,41.965014577259474
KR01YWGP,2022-08-02 14:27:25,2022-08-02 15:18:05,3040.0,55.54219020366452,10.33960239095906,0.18615762815699843,68.93116657647909
KR01YWGP,2022-08-02 15:57:55,2022-08-02 16:48:15,3020.0,14.070436789165553,3.3549527339007215,0.23843984264113857,17.8347169662567
KR01YWGP,2022-08-02 17:32:15,2022-08-02 18:49:55,4660.0,46.82547767555483,8.376140708901648,0.17887998424572185,38.361232883711416
KR01YWGP,2022-08-03 06:45:55,2022-08-03 07:31:45,2750.0,32.501150983877245,7.306002004858,0.22479210070074956,51.26627272727272
KR01YWGP,2022-08-03 08:52:05,2022-08-03 09:12:05,1200.0,3.5083948559030254,0.4982659719315767,0.14202106444581708,12.048670634920635
KR01YWGP,2022-08-03 09:30:45,2022-08-03 10:43:45,4380.0,37.89753786909696,11.594819235641946,0.3059517817672474,37.023698086540556
KR01YWGP,2022-08-03 11:01:35,2022-08-03 11:39:55,2300.0,31.67135568584535,7.9701316371701525,0.2516511044310044,63.26266045548654
KR01YWGP,2022-08-03 12:53:05,2022-08-03 13:10:25,1040.0,6.776597320902443,1.7942921503866003,0.2647777439648212,36.26971153846154
KR01YWGP,2022-08-03 15:04:35,2022-08-03 16:33:55,5360.0,56.54615871406063,14.429130316090657,0.25517436806017285,48.22254353233831
KR01YWGP,2022-08-03 17:04:55,2022-08-03 19:20:15,8120.0,92.69021423409053,19.545218796188003,0.21086604403379905,43.286025099695046
KR01YWGP,2022-08-04 07:17:25,2022-08-04 07:50:45,2000.0,23.231242875316646,6.7484106476004575,0.290488575399067,46.62841666666666
KR01YWGP,2022-08-04 08:16:35,2022-08-04 09:07:25,3050.0,12.13140767900308,3.286807057818686,0.2709336908615691,18.2975956284153
KR01YWGP,2022-08-04 10:28:45,2022-08-04 11:27:45,3540.0,20.44609665323886,5.218980134432181,0.2552555738606197,28.16688189400054
KR01YWGP,2022-08-04 13:36:35,2022-08-04 14:39:15,3760.0,44.690020113822754,10.515145782307279,0.23529069254222407,49.43946513002364
KR01YWGP,2022-08-04 15:34:55,2022-08-04 17:44:45,7790.0,58.19294672811522,15.843406281069116,0.27225647044634993,32.21989577602543
KR01YWGP,2022-08-05 07:33:25,2022-08-05 08:09:05,2140.0,27.01205662370957,6.950124315105794,0.2572971177990716,50.710324877614596
KR01YWGP,2022-08-05 10:49:35,2022-08-05 11:14:55,1520.0,3.8627876045426013,0.8804849224083044,0.22794028886622256,10.302145989974939
KR01YWGP,2022-08-05 11:42:55,2022-08-05 17:40:15,21440.0,299.33705241226255,96.59325937158437,0.3226906211348374,76.71844793887705
KR01YWGP,2022-08-05 19:58:15,2022-08-05 21:07:55,4180.0,59.68267403455537,12.2834186706808,0.20581213676131346,53.47182159945318
KR01YWGP,2022-08-06 10:44:55,2022-08-06 11:26:25,2490.0,29.736860276983556,7.128026102940428,0.23970338618625273,47.43380187416332
KR01YWGP,2022-08-06 11:54:05,2022-08-06 12:54:45,3640.0,74.7379794952173,15.72919771981463,0.21045789337697024,80.76616736438164
KR01YWGP,2022-08-06 14:50:45,2022-08-06 15:23:45,1980.0,42.759311867086936,8.288519979400805,0.19384128549974902,80.02659932659932
KR01YWGP,2022-08-06 16:48:55,2022-08-06 18:58:45,7790.0,81.01128684165805,18.709962891241304,0.2309550140563891,42.36076166024818
KR01YWGP,2022-08-07 09:02:15,2022-08-07 09:35:55,2020.0,28.377046082313704,7.195468002080003,0.2535664910719744,55.48955681282414
KR01YWGP,2022-08-07 10:06:45,2022-08-07 10:38:15,1890.0,27.28705021920212,6.3532980906568035,0.23283198585481168,61.5782480893592
KR01YWGP,2022-08-07 10:57:55,2022-08-07 14:44:55,13620.0,230.23225414392135,59.69900733199433,0.25929906108931056,80.59602650164324
KR01YWGP,2022-08-07 17:05:15,2022-08-07 17:30:45,1530.0,16.21480289425921,3.886524659287724,0.2396899107952606,49.593355119825716
KR01YWGP,2022-08-07 19:21:05,2022-08-07 20:22:35,3690.0,62.51258795948648,14.146631420115689,0.22630052413257823,63.919419710070116
KR01YWGP,2022-08-08 08:57:55,2022-08-08 10:31:45,5630.0,71.28812185036104,15.912925565841421,0.2232198738415891,48.62720262764668
KR01YWGP,2022-08-08 12:06:35,2022-08-08 12:47:25,2450.0,36.76596967574172,7.878787789558066,0.21429566142400724,58.36209912536443
KR01YWGP,2022-08-08 15:47:25,2022-08-08 17:26:45,5960.0,38.441249653600586,9.528670510134006,0.24787619018627577,24.317701342281875
KR01YWGP,2022-08-09 05:55:35,2022-08-09 06:53:05,3450.0,43.35945356092655,9.249560833604347,0.21332281830091154,48.029316770186334
KR01YWGP,2022-08-09 07:48:55,2022-08-09 08:35:15,2780.0,39.73629582410522,8.072680764685659,0.2031563485539719,55.426216169921204
KR01YWGP,2022-08-09 09:15:25,2022-08-09 10:08:55,3210.0,32.696083673235925,7.084512413758135,0.2166777062525477,42.37114918656975
KR01YWGP,2022-08-09 13:03:25,2022-08-09 14:09:25,3960.0,79.83627029795034,16.39502170004902,0.20535806142825208,75.70568099829462
KR01YWGP,2022-08-09 14:28:05,2022-08-09 18:23:35,14130.0,225.6114980408358,62.56545825478861,0.2773150251564937,78.23464934452196
KR01YWGP,2022-08-10 05:05:55,2022-08-10 05:44:25,2310.0,42.562071286793746,10.633991611364367,0.24984666605414727,77.84275407132549
KR01YWGP,2022-08-10 06:14:25,2022-08-10 07:29:45,4520.0,83.85198136585946,19.25425005110963,0.2296218853446085,77.94419511167298
KR01YWGP,2022-08-10 13:23:25,2022-08-10 16:53:05,12580.0,114.85184921454702,24.774682185090754,0.2157099111117561,38.42962847301083
KR01YWGP,2022-08-10 17:17:45,2022-08-10 18:40:05,4940.0,75.5605798226372,20.899769955367532,0.2765962093518262,68.29453397479715
KK65WZGP,2022-08-01 04:41:55,2022-08-01 07:18:25,9390.0,131.7671572875119,26.463670819393112,0.20083662244947875,46.74671636492723
KK65WZGP,2022-08-01 09:15:35,2022-08-01 11:04:35,6540.0,86.37123761018314,15.55542686772028,0.18009961762880078,41.669724770642205
KK65WZGP,2022-08-01 11:53:55,2022-08-01 13:48:15,6860.0,71.56070834329707,13.868362608016303,0.1937985652892901,37.791059280855194
KK65WZGP,2022-08-01 14:58:45,2022-08-01 17:15:05,8180.0,98.28873016987433,17.703819958459935,0.1801205481835209,42.181132844335785
KK65WZGP,2022-08-02 09:17:25,2022-08-02 15:07:35,21010.0,336.48868764277205,70.94142042412997,0.21082854499835021,57.575281611930826
KK65WZGP,2022-08-02 16:39:25,2022-08-02 22:33:35,21250.0,222.91633180189504,39.1836345389182,0.1757773161893789,34.94729411764706
KK65WZGP,2022-08-03 06:01:55,2022-08-03 07:35:45,5630.0,82.35980452724701,16.258245300925882,0.19740509820597235,50.0461811722913
KK65WZGP,2022-08-03 08:32:15,2022-08-03 09:24:45,3150.0,29.342831051055413,5.836723039208751,0.19891478872822715,33.43174603174603
KK65WZGP,2022-08-03 09:52:25,2022-08-03 11:11:05,4720.0,53.65700937349066,11.946468139682418,0.22264506127291903,43.059322033898304
KK65WZGP,2022-08-03 11:59:35,2022-08-03 12:35:55,2180.0,28.904772041789084,6.766757589562314,0.23410520518131994,49.6177370030581
KK65WZGP,2022-08-03 15:09:35,2022-08-03 15:50:25,2450.0,23.10498812914783,4.756583759670342,0.20586826243246273,40.522448979591836
KK65WZGP,2022-08-03 16:25:25,2022-08-03 18:59:55,9270.0,103.16624703468936,19.18750850953762,0.18598629940552042,42.032182668105
KK65WZGP,2022-08-04 06:37:15,2022-08-04 13:19:45,24150.0,264.13137824945176,47.203125915482225,0.17871078486896966,37.4484126984127
KK65WZGP,2022-08-04 13:40:45,2022-08-04 14:04:35,1430.0,16.325251700446444,2.931407447035232,0.1795627718839439,37.41608391608391
KK65WZGP,2022-08-04 14:21:55,2022-08-04 14:43:45,1310.0,11.485243409493236,1.6647290755074982,0.14494504088015242,28.748091603053435
KK65WZGP,2022-08-05 00:00:35,2022-08-05 00:37:15,2200.0,25.3617212217483,3.5220950744183988,0.13887444955424064,38.60454545454545
KK65WZGP,2022-08-05 09:08:05,2022-08-05 10:35:45,5260.0,70.08790058284484,13.67861164609536,0.1951636663724441,41.586185044359944
KK65WZGP,2022-08-05 11:38:15,2022-08-05 18:08:45,23430.0,495.6387857965618,93.9790272995214,0.18961193109309188,64.66047801963295
KK65WZGP,2022-08-05 18:51:15,2022-08-05 19:36:55,2740.0,41.23305831225809,7.250382989903849,0.17583907880411573,56.82116788321168
KK65WZGP,2022-08-06 05:17:05,2022-08-06 06:15:35,3510.0,57.942577407888336,11.894433996866438,0.20527968428354937,58.36799620132954
KK65WZGP,2022-08-06 06:57:35,2022-08-06 08:15:45,4690.0,61.75009245135189,11.935381518208827,0.19328524127493069,48.41933191186922
KK65WZGP,2022-08-06 11:44:55,2022-08-06 12:16:35,1900.0,21.056693246637906,5.7897641890064175,0.2749607510158729,45.109649122807014
KK65WZGP,2022-08-06 13:36:15,2022-08-06 16:19:45,9810.0,119.4702068975014,26.5906528900577,0.22257141408377204,47.557424396873934
KK65WZGP,2022-08-07 14:41:55,2022-08-07 15:33:55,3120.0,20.13782991208907,3.6036224386444324,0.17894790324359222,22.3125
KK65WZGP,2022-08-07 15:51:05,2022-08-07 16:51:25,3620.0,58.23605950623607,11.066475050043142,0.19002788210383834,54.66436464088398
KK65WZGP,2022-08-07 17:57:05,2022-08-07 18:22:45,1540.0,20.155785545732055,5.582221861168051,0.2769538229359696,50.93614718614718
KK65WZGP,2022-08-07 18:59:55,2022-08-07 19:27:05,1630.0,18.739147421289758,3.2735524630351,0.17469057633411753,46.63394683026585
KK65WZGP,2022-08-07 19:45:25,2022-08-07 20:37:05,3100.0,62.53917125241613,12.621895700509661,0.2018238401267914,68.96129032258065
KK65WZGP,2022-08-07 20:54:55,2022-08-07 22:03:45,4130.0,64.46026993980247,12.108503784743649,0.18784444737900446,52.71146085552866
KK65WZGP,2022-08-08 00:00:05,2022-08-08 01:27:25,5240.0,85.45021511563186,15.435646737780282,0.1806390623697395,49.7442748091603
KK65WZGP,2022-08-08 08:34:55,2022-08-08 09:52:05,4630.0,79.4266806442594,16.255416494708726,0.20465939609782235,58.805255579553624
KK65WZGP,2022-08-08 11:30:05,2022-08-08 12:33:05,3780.0,69.62204757205434,15.307705267049037,0.21986864507549203,66.44576719576719
KK65WZGP,2022-08-08 15:12:15,2022-08-08 15:31:05,1130.0,11.193546916761251,1.6957129020437691,0.1514902215225992,32.38053097345133
KK65WZGP,2022-08-09 05:24:05,2022-08-09 07:15:35,6690.0,80.94501678667018,14.187705363115633,0.17527583446560022,40.596412556053814
KK65WZGP,2022-08-09 08:25:55,2022-08-09 09:13:15,2840.0,45.47051678218328,10.393317074711199,0.22857266224833436,61.11502347417839
KK65WZGP,2022-08-09 10:35:55,2022-08-09 11:09:35,2020.0,24.941342549575353,4.8370388318372255,0.19393658630134888,41.09405940594059
KK65WZGP,2022-08-09 11:31:25,2022-08-09 12:17:35,2770.0,22.20625162729559,3.9276890270435887,0.17687312082043294,29.471119133574007
KK65WZGP,2022-08-09 16:49:05,2022-08-09 17:40:25,3080.0,40.71817132599419,8.182432694110519,0.2009528529314604,50.2689393939394
KK65WZGP,2022-08-09 18:02:35,2022-08-09 19:00:55,3500.0,63.11105792246743,12.162618691125674,0.1927177121015397,64.18599999999999
KK65WZGP,2022-08-10 07:53:15,2022-08-10 09:19:15,5160.0,61.61827499168761,10.60183625159016,0.17205668696535828,38.74870801033592
KK65WZGP,2022-08-10 12:53:25,2022-08-10 13:40:05,2800.0,29.53837141003824,6.277155692085727,0.2125085234033084,42.20178571428571
KK65WZGP,2022-08-10 14:54:25,2022-08-10 15:46:55,3150.0,25.739584054936625,5.967906025581613,0.2318571276382775,32.25714285714286
KK65WZGP,2022-08-11 04:55:15,2022-08-11 05:23:15,1680.0,14.278895369901342,1.8679427723621624,0.13081843685889188,25.395833333333332
KK65WZGP,2022-08-11 05:55:25,2022-08-11 07:16:05,4840.0,85.53786378111886,19.19921381540399,0.22445280916217966,64.66184573002755
KK65WZGP,2022-08-11 08:43:05,2022-08-11 09:18:45,2140.0,32.22446749183031,6.863340387284402,0.21298537792825983,60.6588785046729
KK65WZGP,2022-08-11 10:03:35,2022-08-11 10:45:15,2500.0,30.361632579479263,7.073303405701499,0.2329684804394275,43.972
KK65WZGP,2022-08-11 11:56:25,2022-08-11 12:34:35,2290.0,28.20729523525394,6.445750780704555,0.228513607098654,51.2882096069869
KK65WZGP,2022-08-11 14:52:35,2022-08-11 15:50:45,3490.0,28.73266220226422,6.8409841127810145,0.2380908550911069,32.87488061127029
KK65WZGP,2022-08-11 16:40:15,2022-08-11 18:48:45,7710.0,91.58974483286842,17.144222595836155,0.18718495861213144,40.303934284479034
KK65WZGP,2022-08-12 06:17:45,2022-08-12 07:41:25,5020.0,82.92846282527222,16.894858083509877,0.2037280989894487,55.45982735723772
KK65WZGP,2022-08-12 08:33:05,2022-08-12 09:36:15,3790.0,42.35072193502334,9.011647159489684,0.21278615210658788,43.96569920844327
KK65WZGP,2022-08-12 11:07:15,2022-08-12 12:17:15,4200.0,42.02311907835758,8.364660714766956,0.19904902106790207,38.279761904761905
KK65WZGP,2022-08-12 14:03:15,2022-08-12 15:41:25,5890.0,58.91487886854589,12.20355601301734,0.20713877796891655,36.977362761743066
KK65WZGP,2022-08-12 16:29:25,2022-08-12 17:06:55,2250.0,29.592403068538395,6.318151634542432,0.21350586567468288,48.19777777777778
KK65WZGP,2022-08-12 18:31:15,2022-08-12 19:57:55,5200.0,94.02259062592813,18.606491897248368,0.19789384416426992,56.4773076923077
KK65WZGP,2022-08-13 14:05:45,2022-08-13 14:34:35,1730.0,25.231767595769053,5.137441152373179,0.20361003773808706,46.72928709055876
KK65WZGP,2022-08-13 15:24:45,2022-08-13 16:46:35,4910.0,83.28253018043145,16.652234303886257,0.19994870794402164,59.61541072640869
KK65WZGP,2022-08-13 17:08:25,2022-08-13 18:34:35,5170.0,57.735033511285664,10.663631113541241,0.18469948772882905,41.59896840747904
KK65WZGP,2022-08-13 19:46:15,2022-08-13 21:05:05,4730.0,62.59148276057564,12.029766850420659,0.19219494921436533,49.568005637773076
KK65WZGP,2022-08-15 05:51:25,2022-08-15 08:02:35,7870.0,137.5324661322218,25.86811287379097,0.18808731931645672,58.66433714527743
KK65WZGP,2022-08-15 08:20:35,2022-08-15 09:07:55,2840.0,46.43550150298586,8.922501540706504,0.1921482756061712,56.45328638497653
KK65WZGP,2022-08-15 09:29:55,2022-08-15 11:09:45,5990.0,80.22605147294286,15.710140905688679,0.19582343412460104,47.25292153589316
KK65WZGP,2022-08-15 11:47:25,2022-08-15 12:26:55,2370.0,30.357584638338032,7.387160531403771,0.24333821743099623,44.03586497890296
KK65WZGP,2022-08-15 12:49:05,2022-08-15 14:33:15,6250.0,97.47313332431688,19.5458119579558,0.20052512206540152,54.007466666666666
KK65WZGP,2022-08-15 15:25:45,2022-08-15 16:33:05,4040.0,52.39150845632663,9.829845487746299,0.18762287587005483,46.21988448844884
KK65WZGP,2022-08-16 07:08:15,2022-08-16 08:54:55,6400.0,94.39898505381458,18.05973351996778,0.1913127933491272,51.807552083333334
KK65WZGP,2022-08-16 10:35:55,2022-08-16 11:29:15,3200.0,36.304713781176446,7.398167121391547,0.20377979471160043,42.7390625
KK65WZGP,2022-08-16 13:04:35,2022-08-16 15:29:45,8710.0,109.05880164584694,22.083803455700238,0.20249446282579073,45.00210486031381
KK65WZGP,2022-08-17 05:28:25,2022-08-17 06:59:05,5440.0,77.85040585924209,15.023324981325871,0.19297683570833127,49.28094362745099
KK65WZGP,2022-08-17 07:37:55,2022-08-17 09:06:45,5330.0,57.309055890535234,8.868187903034517,0.1547432210360165,35.21232020012507
KK65WZGP,2022-08-17 10:25:45,2022-08-17 14:27:55,14530.0,244.25166053589234,49.70854924526012,0.2035136593798327,58.1668960770819
KK65WZGP,2022-08-17 15:14:45,2022-08-17 15:51:45,2220.0,20.751485601658896,3.2783593274535376,0.1579819098441541,29.569069069069073
KK65WZGP,2022-08-17 16:39:35,2022-08-17 17:33:35,3240.0,52.25092267690303,10.59200152122984,0.2027141527571899,56.54089506172839
KK65WZGP,2022-08-17 17:53:15,2022-08-17 19:12:25,4750.0,65.29894179810387,11.282037891449924,0.1727752024884656,44.462105263157895
KK65WZGP,2022-08-17 20:00:05,2022-08-17 20:23:35,1410.0,1.2123403469238982,0.09924797356186023,0.08186477816537627,2.3156028368794326
KK65WZGP,2022-08-18 05:39:05,2022-08-18 06:44:55,3950.0,59.550894288198236,12.28937791216598,0.20636764668371205,50.90886075949367
KK65WZGP,2022-08-18 08:31:35,2022-08-18 09:07:15,2140.0,30.61443777160333,7.287603269385257,0.23804465473950112,54.08411214953272
KK65WZGP,2022-08-18 09:32:45,2022-08-18 10:05:25,1960.0,20.590553935443424,3.9854211675943185,0.19355580136841477,37.673469387755105
KK65WZGP,2022-08-18 10:42:45,2022-08-18 11:19:55,2230.0,33.47566270066944,5.659495481437035,0.16906298560965777,54.25112107623318
KK65WZGP,2022-08-18 12:07:45,2022-08-18 15:41:05,12800.0,223.84453067298944,43.96020716025868,0.19638722924385132,64.31686197916667
KK65WZGP,2022-08-18 16:13:55,2022-08-18 17:22:45,4130.0,50.919303650400835,11.338314621359725,0.22267222464795963,52.43381759483454
KK65WZGP,2022-08-18 18:14:35,2022-08-18 20:48:45,9250.0,122.49833634347654,20.67680066228702,0.16879250183701072,43.59522522522523
KK65WZGP,2022-08-19 05:31:15,2022-08-19 07:20:45,6570.0,112.79130402892399,22.09881507717209,0.19592658554160444,60.115043125317094
KK65WZGP,2022-08-19 08:04:35,2022-08-19 08:56:55,3140.0,33.56540314889997,6.589874996344966,0.1963293861572741,39.662951167728245
KK65WZGP,2022-08-19 09:44:05,2022-08-19 10:18:45,2080.0,14.098335261634059,2.74168151181725,0.19446845751201672,27.170673076923077
KK65WZGP,2022-08-19 11:00:15,2022-08-19 11:19:55,1180.0,15.66596458049732,2.06907399411819,0.13207447160285274,37.03389830508475
KK65WZGP,2022-08-19 14:34:05,2022-08-19 15:25:15,3070.0,29.563836477995263,5.245622310237709,0.17743374795561775,35.960912052117266
KK65WZGP,2022-08-20 06:27:15,2022-08-20 07:42:35,4520.0,70.2371789212708,13.714801798596161,0.19526413231899806,55.1839970501475
KK65WZGP,2022-08-20 08:38:05,2022-08-20 09:42:15,3850.0,54.8518436545953,13.306265285900738,0.24258556138406087,55.38398268398268
KK65WZGP,2022-08-20 12:05:45,2022-08-20 15:23:55,11890.0,233.97003167363067,46.023344888013675,0.19670615317184095,67.63983739837398
KK65WZGP,2022-08-20 15:47:55,2022-08-20 16:49:35,3700.0,77.08815011650069,17.802362568721698,0.23093513778469968,81.0418918918919
KK65WZGP,2022-08-20 18:01:15,2022-08-20 18:29:25,1690.0,30.057342379864526,8.681375832983235,0.2888271266058075,76.67948717948718
KK65WZGP,2022-08-20 18:48:15,2022-08-20 19:44:15,3360.0,55.64920800109316,10.038103889811376,0.18038179248865843,56.00372023809524
KK65WZGP,2022-08-21 08:02:35,2022-08-21 10:00:15,7060.0,93.30377448139487,18.676376815944913,0.20016743073635304,44.49863078375826
KK65WZGP,2022-08-21 11:00:25,2022-08-21 11:52:05,3100.0,37.016163707817235,8.022901470336391,0.2167404902805225,44.311290322580646
KK65WZGP,2022-08-21 13:05:05,2022-08-21 13:39:35,2070.0,28.943281254363537,7.474352587593802,0.25824136945312504,53.20048309178744
KK65WZGP,2022-08-21 14:56:25,2022-08-21 17:12:55,8190.0,182.92395757793213,35.84751430576683,0.1959694879796951,72.42954822954823
KK65WZGP,2022-08-21 17:44:15,2022-08-21 19:14:35,5420.0,80.16861133886063,15.567714729088816,0.1941871571566387,56.43726937269373
KK65WZGP,2022-08-22 05:41:35,2022-08-22 06:48:15,4000.0,56.61680142035114,11.043489544635344,0.19505675466621675,47.87341666666667
KK65WZGP,2022-08-22 08:30:35,2022-08-22 09:39:55,4160.0,35.44995257959689,7.797955226828278,0.2199708225086983,33.47235576923077
KK65WZGP,2022-08-22 10:08:45,2022-08-22 11:17:25,4120.0,36.3399140150667,6.392023837128996,0.17589540345304158,32.31917475728155
KK65WZGP,2022-08-22 11:56:25,2022-08-22 13:31:35,5710.0,91.01580258772445,16.333637522505704,0.17945935824455023,57.56071220081728
KK65WZGP,2022-08-22 15:34:25,2022-08-22 18:22:25,10080.0,121.42689529866331,21.527560542715904,0.17728823988924702,40.444279100529094
KK65WZGP,2022-08-23 05:32:25,2022-08-23 06:52:05,4780.0,66.39675904651011,13.078044408829532,0.19696811405611717,44.75261506276151
KK65WZGP,2022-08-23 08:00:25,2022-08-23 11:36:55,12990.0,134.8919781168185,26.830709945260768,0.19890515596134978,38.11098280728766
KK65WZGP,2022-08-23 13:08:45,2022-08-23 14:37:55,5350.0,61.03067209933268,15.46090857529474,0.2533301378384098,46.17414330218068
KK65WZGP,2022-08-23 15:39:05,2022-08-23 16:17:35,2310.0,29.526926653416876,7.239581368924202,0.24518574025334372,55.73593073593074
